#
# There is insufficient memory for the Java Runtime Environment to continue.
# Native memory allocation (malloc) failed to allocate 1828496 bytes for Chunk::new
# Possible reasons:
#   The system is out of physical RAM or swap space
#   The process is running with CompressedOops enabled, and the Java Heap may be blocking the growth of the native heap
# Possible solutions:
#   Reduce memory load on the system
#   Increase physical memory or swap space
#   Check if swap backing store is full
#   Decrease Java heap size (-Xmx/-Xms)
#   Decrease number of Java threads
#   Decrease Java thread stack sizes (-Xss)
#   Set larger code cache with -XX:ReservedCodeCacheSize=
#   JVM is running with Unscaled Compressed Oops mode in which the Java heap is
#     placed in the first 4GB address space. The Java Heap base address is the
#     maximum limit for the native heap growth. Please use -XX:HeapBaseMinAddress
#     to set the Java Heap base and to place the Java Heap above 4GB virtual address.
# This output file may be truncated or incomplete.
#
#  Out of Memory Error (arena.cpp:189), pid=8092, tid=4376
#
# JRE version: OpenJDK Runtime Environment (17.0.6) (build 17.0.6+0-b2043.56-9586694)
# Java VM: OpenJDK 64-Bit Server VM (17.0.6+0-b2043.56-9586694, mixed mode, tiered, compressed oops, compressed class ptrs, g1 gc, windows-amd64)
# No core dump will be written. Minidumps are not enabled by default on client versions of Windows
#

---------------  S U M M A R Y ------------

Command Line: --add-opens=java.base/java.util=ALL-UNNAMED --add-opens=java.base/java.lang=ALL-UNNAMED --add-opens=java.base/java.lang.invoke=ALL-UNNAMED --add-opens=java.base/java.util=ALL-UNNAMED --add-opens=java.prefs/java.util.prefs=ALL-UNNAMED --add-opens=java.prefs/java.util.prefs=ALL-UNNAMED --add-opens=java.base/java.nio.charset=ALL-UNNAMED --add-opens=java.base/java.net=ALL-UNNAMED --add-opens=java.base/java.util.concurrent.atomic=ALL-UNNAMED -Xmx1536M -Dfile.encoding=windows-1252 -Duser.country=US -Duser.language=en -Duser.variant org.gradle.launcher.daemon.bootstrap.GradleDaemon 7.5

Host: Intel(R) Core(TM) i7-2600 CPU @ 3.40GHz, 8 cores, 15G,  Windows 10 , 64 bit Build 19041 (10.0.19041.3155)
Time: Tue Sep  5 17:01:51 2023 India Standard Time elapsed time: 26496.314091 seconds (0d 7h 21m 36s)

---------------  T H R E A D  ---------------

Current thread (0x0000024b60d24950):  JavaThread "C2 CompilerThread1" daemon [_thread_in_native, id=4376, stack(0x0000004e30200000,0x0000004e30300000)]


Current CompileTask:
C2:26496314 83765   !   4       org.gradle.execution.plan.ResolveMutationsNode::execute (42 bytes)

Stack: [0x0000004e30200000,0x0000004e30300000]
Native frames: (J=compiled Java code, j=interpreted, Vv=VM code, C=native code)
V  [jvm.dll+0x683b4a]
V  [jvm.dll+0x842654]
V  [jvm.dll+0x843dfe]
V  [jvm.dll+0x844463]
V  [jvm.dll+0x249b75]
V  [jvm.dll+0xabcac]
V  [jvm.dll+0xac27c]
V  [jvm.dll+0x368802]
V  [jvm.dll+0x332f31]
V  [jvm.dll+0x3323da]
V  [jvm.dll+0x21c201]
V  [jvm.dll+0x21b621]
V  [jvm.dll+0x1a4fdd]
V  [jvm.dll+0x22b098]
V  [jvm.dll+0x229159]
V  [jvm.dll+0x7f809c]
V  [jvm.dll+0x7f25fa]
V  [jvm.dll+0x682985]
C  [ucrtbase.dll+0x21bb2]
C  [KERNEL32.DLL+0x17614]
C  [ntdll.dll+0x526b1]


---------------  P R O C E S S  ---------------

Threads class SMR info:
_java_thread_list=0x0000024b4cc4cab0, length=153, elements={
0x0000024b3053d010, 0x0000024b49c3d260, 0x0000024b49c3e780, 0x0000024b49c64120,
0x0000024b49c64ae0, 0x0000024b49c67b50, 0x0000024b49c6abc0, 0x0000024b49c81910,
0x0000024b49c829b0, 0x0000024b49c87a70, 0x0000024b49df18f0, 0x0000024b49e07590,
0x0000024b4c267080, 0x0000024b4c1c3b40, 0x0000024b4b7a5880, 0x0000024b4a0e4240,
0x0000024b4a0e4710, 0x0000024b4a0e38a0, 0x0000024b4a0e5580, 0x0000024b4a0e2560,
0x0000024b4a0e2a30, 0x0000024b4e274ef0, 0x0000024b4e2788b0, 0x0000024b4e274080,
0x0000024b4e277570, 0x0000024b4e271530, 0x0000024b4e2783e0, 0x0000024b4ee6db00,
0x0000024b4ee70180, 0x0000024b4ee6afb0, 0x0000024b4ee6fcb0, 0x0000024b4ee6e970,
0x0000024b58983100, 0x0000024b591b87b0, 0x0000024b5554c990, 0x0000024b64d0d950,
0x0000024b5a614850, 0x0000024b5a616a00, 0x0000024b5a6151f0, 0x0000024b4ee70ff0,
0x0000024b5554b180, 0x0000024b5554d800, 0x0000024b5554bb20, 0x0000024b5554ce60,
0x0000024b5554dcd0, 0x0000024b5554a7e0, 0x0000024b559db5d0, 0x0000024b559db100,
0x0000024b559dbf70, 0x0000024b559da760, 0x0000024b559dac30, 0x0000024b5f1db360,
0x0000024b5f1dd510, 0x0000024b5f1db830, 0x0000024b5f1ddeb0, 0x0000024b57f61990,
0x0000024b57f631a0, 0x0000024b57f62330, 0x0000024b57f5f7e0, 0x0000024b55d14680,
0x0000024b55d171d0, 0x0000024b55d154f0, 0x0000024b55d15020, 0x0000024b55d159c0,
0x0000024b55d15e90, 0x0000024b55d16360, 0x0000024b55d17b70, 0x0000024b55d176a0,
0x0000024b55d16d00, 0x0000024b55d16830, 0x0000024b5ec13790, 0x0000024b5ec12920,
0x0000024b5ec14ad0, 0x0000024b5ec132c0, 0x0000024b5ec13c60, 0x0000024b5ec15e10,
0x0000024b5ec14130, 0x0000024b5ec14fa0, 0x0000024b55d18040, 0x0000024b55d14b50,
0x0000024b68efd810, 0x0000024b68efc000, 0x0000024b68efdce0, 0x0000024b68efacc0,
0x0000024b68efce70, 0x0000024b68efbb30, 0x0000024b68efa320, 0x0000024b68efc4d0,
0x0000024b68efb190, 0x0000024b68efb660, 0x0000024b68efa7f0, 0x0000024b68efc9a0,
0x0000024b68efd340, 0x0000024b64e3c110, 0x0000024b64e3b770, 0x0000024b64e3a430,
0x0000024b64e39f60, 0x0000024b64e3d450, 0x0000024b64e39a90, 0x0000024b64e3a900,
0x0000024b64e3cab0, 0x0000024b64e3add0, 0x0000024b64e3cf80, 0x0000024b64e3b2a0,
0x0000024b64e3bc40, 0x0000024b64e3c5e0, 0x0000024b6f451870, 0x0000024b6f450a00,
0x0000024b6f450ed0, 0x0000024b6f453550, 0x0000024b6f453a20, 0x0000024b6f453080,
0x0000024b6f450060, 0x0000024b6f4513a0, 0x0000024b6f450530, 0x0000024b6f451d40,
0x0000024b6f452210, 0x0000024b6f4526e0, 0x0000024b6f452bb0, 0x0000024b5a0f22c0,
0x0000024b5a0f3fa0, 0x0000024b5a0f3600, 0x0000024b5a0f1920, 0x0000024b5a0f2790,
0x0000024b5a0f1450, 0x0000024b5a0f3130, 0x0000024b5a0f3ad0, 0x0000024b5a0f4470,
0x0000024b5a0f0f80, 0x0000024b5a0f0ab0, 0x0000024b5a0f1df0, 0x0000024b5a0f2c60,
0x0000024b5a613510, 0x0000024b5a98b900, 0x0000024b5a98aa90, 0x0000024b5a98af60,
0x0000024b5a98b430, 0x0000024b5a98bdd0, 0x0000024b5a989280, 0x0000024b5a989c20,
0x0000024b5ec12df0, 0x0000024b5ec15470, 0x0000024b4ee6f7e0, 0x0000024b4ee6c7c0,
0x0000024b5ec15940, 0x0000024b5af98b50, 0x0000024b60d24950, 0x0000024b57fc2ed0,
0x0000024b57fc4bb0, 0x0000024b57fc2530, 0x0000024b57fc4210, 0x0000024b57fc5080,
0x0000024b57fc46e0
}

Java Threads: ( => current thread )
  0x0000024b3053d010 JavaThread "main" [_thread_blocked, id=2728, stack(0x0000004e26600000,0x0000004e26700000)]
  0x0000024b49c3d260 JavaThread "Reference Handler" daemon [_thread_blocked, id=5488, stack(0x0000004e26d00000,0x0000004e26e00000)]
  0x0000024b49c3e780 JavaThread "Finalizer" daemon [_thread_blocked, id=5780, stack(0x0000004e26e00000,0x0000004e26f00000)]
  0x0000024b49c64120 JavaThread "Signal Dispatcher" daemon [_thread_blocked, id=16184, stack(0x0000004e26f00000,0x0000004e27000000)]
  0x0000024b49c64ae0 JavaThread "Attach Listener" daemon [_thread_blocked, id=9476, stack(0x0000004e27000000,0x0000004e27100000)]
  0x0000024b49c67b50 JavaThread "Service Thread" daemon [_thread_blocked, id=5776, stack(0x0000004e27100000,0x0000004e27200000)]
  0x0000024b49c6abc0 JavaThread "Monitor Deflation Thread" daemon [_thread_blocked, id=16736, stack(0x0000004e27200000,0x0000004e27300000)]
  0x0000024b49c81910 JavaThread "C2 CompilerThread0" daemon [_thread_blocked, id=12672, stack(0x0000004e27300000,0x0000004e27400000)]
  0x0000024b49c829b0 JavaThread "C1 CompilerThread0" daemon [_thread_blocked, id=14516, stack(0x0000004e27400000,0x0000004e27500000)]
  0x0000024b49c87a70 JavaThread "Sweeper thread" daemon [_thread_blocked, id=6680, stack(0x0000004e27500000,0x0000004e27600000)]
  0x0000024b49df18f0 JavaThread "Common-Cleaner" daemon [_thread_blocked, id=15120, stack(0x0000004e27600000,0x0000004e27700000)]
  0x0000024b49e07590 JavaThread "Notification Thread" daemon [_thread_blocked, id=8856, stack(0x0000004e27700000,0x0000004e27800000)]
  0x0000024b4c267080 JavaThread "Daemon health stats" [_thread_blocked, id=12504, stack(0x0000004e27a00000,0x0000004e27b00000)]
  0x0000024b4c1c3b40 JavaThread "Incoming local TCP Connector on port 62388" [_thread_in_native, id=3628, stack(0x0000004e28000000,0x0000004e28100000)]
  0x0000024b4b7a5880 JavaThread "Daemon periodic checks" [_thread_blocked, id=3752, stack(0x0000004e28100000,0x0000004e28200000)]
  0x0000024b4a0e4240 JavaThread "Cache worker for journal cache (C:\Users\Admin\.gradle\caches\journal-1)" [_thread_blocked, id=11968, stack(0x0000004e28900000,0x0000004e28a00000)]
  0x0000024b4a0e4710 JavaThread "File lock request listener" [_thread_in_native, id=8064, stack(0x0000004e28a00000,0x0000004e28b00000)]
  0x0000024b4a0e38a0 JavaThread "Cache worker for file hash cache (C:\Users\Admin\.gradle\caches\7.5\fileHashes)" [_thread_blocked, id=11172, stack(0x0000004e28e00000,0x0000004e28f00000)]
  0x0000024b4a0e5580 JavaThread "File watcher server" daemon [_thread_in_native, id=7860, stack(0x0000004e29000000,0x0000004e29100000)]
  0x0000024b4a0e2560 JavaThread "File watcher consumer" daemon [_thread_blocked, id=9280, stack(0x0000004e29100000,0x0000004e29200000)]
  0x0000024b4a0e2a30 JavaThread "Cache worker for file content cache (C:\Users\Admin\.gradle\caches\7.5\fileContent)" [_thread_blocked, id=16040, stack(0x0000004e29400000,0x0000004e29500000)]
  0x0000024b4e274ef0 JavaThread "Cache worker for execution history cache (C:\Users\Admin\.gradle\caches\7.5\executionHistory)" [_thread_blocked, id=8896, stack(0x0000004e29700000,0x0000004e29800000)]
  0x0000024b4e2788b0 JavaThread "jar transforms" [_thread_blocked, id=7232, stack(0x0000004e29800000,0x0000004e29900000)]
  0x0000024b4e274080 JavaThread "jar transforms Thread 2" [_thread_blocked, id=5480, stack(0x0000004e29900000,0x0000004e29a00000)]
  0x0000024b4e277570 JavaThread "jar transforms Thread 3" [_thread_blocked, id=5916, stack(0x0000004e29a00000,0x0000004e29b00000)]
  0x0000024b4e271530 JavaThread "jar transforms Thread 4" [_thread_blocked, id=15312, stack(0x0000004e29b00000,0x0000004e29c00000)]
  0x0000024b4e2783e0 JavaThread "jar transforms Thread 5" [_thread_blocked, id=3452, stack(0x0000004e29d00000,0x0000004e29e00000)]
  0x0000024b4ee6db00 JavaThread "jar transforms Thread 6" [_thread_blocked, id=10092, stack(0x0000004e2ef00000,0x0000004e2f000000)]
  0x0000024b4ee70180 JavaThread "jar transforms Thread 7" [_thread_blocked, id=17724, stack(0x0000004e2f000000,0x0000004e2f100000)]
  0x0000024b4ee6afb0 JavaThread "jar transforms Thread 8" [_thread_blocked, id=10904, stack(0x0000004e2f100000,0x0000004e2f200000)]
  0x0000024b4ee6fcb0 JavaThread "Cache worker for kotlin-dsl (C:\Users\Admin\.gradle\caches\7.5\kotlin-dsl)" [_thread_blocked, id=8080, stack(0x0000004e2f200000,0x0000004e2f300000)]
  0x0000024b4ee6e970 JavaThread "Memory manager" [_thread_blocked, id=17152, stack(0x0000004e2f400000,0x0000004e2f500000)]
  0x0000024b58983100 JavaThread "Cache worker for Java compile cache (C:\Users\Admin\.gradle\caches\7.5\javaCompile)" [_thread_blocked, id=8472, stack(0x0000004e31100000,0x0000004e31200000)]
  0x0000024b591b87b0 JavaThread "RMI Scheduler(0)" daemon [_thread_blocked, id=1184, stack(0x0000004e2eb00000,0x0000004e2ec00000)]
  0x0000024b5554c990 JavaThread "RMI TCP Accept-0" daemon [_thread_in_native, id=7248, stack(0x0000004e31600000,0x0000004e31700000)]
  0x0000024b64d0d950 JavaThread "RMI TCP Accept-0" daemon [_thread_in_native, id=7672, stack(0x0000004e32000000,0x0000004e32100000)]
  0x0000024b5a614850 JavaThread "RMI GC Daemon" daemon [_thread_blocked, id=9496, stack(0x0000004e31000000,0x0000004e31100000)]
  0x0000024b5a616a00 JavaThread "RMI TCP Accept-0" daemon [_thread_in_native, id=5580, stack(0x0000004e31200000,0x0000004e31300000)]
  0x0000024b5a6151f0 JavaThread "RMI Reaper" [_thread_blocked, id=10380, stack(0x0000004e31300000,0x0000004e31400000)]
  0x0000024b4ee70ff0 JavaThread "Daemon Thread 25" [_thread_blocked, id=3340, stack(0x0000004e26300000,0x0000004e26400000)]
  0x0000024b5554b180 JavaThread "Handler for socket connection from /127.0.0.1:62388 to /127.0.0.1:54418" [_thread_in_native, id=10668, stack(0x0000004e26400000,0x0000004e26500000)]
  0x0000024b5554d800 JavaThread "Cancel handler" [_thread_blocked, id=7000, stack(0x0000004e26500000,0x0000004e26600000)]
  0x0000024b5554bb20 JavaThread "Daemon worker Thread 25" [_thread_blocked, id=17668, stack(0x0000004e27900000,0x0000004e27a00000)]
  0x0000024b5554ce60 JavaThread "Asynchronous log dispatcher for DefaultDaemonConnection: socket connection from /127.0.0.1:62388 to /127.0.0.1:54418" [_thread_blocked, id=3684, stack(0x0000004e28200000,0x0000004e28300000)]
  0x0000024b5554dcd0 JavaThread "Stdin handler" [_thread_blocked, id=9956, stack(0x0000004e28300000,0x0000004e28400000)]
  0x0000024b5554a7e0 JavaThread "Daemon client event forwarder" [_thread_blocked, id=5844, stack(0x0000004e28400000,0x0000004e28500000)]
  0x0000024b559db5d0 JavaThread "Cache worker for checksums cache (D:\flutter_workspace\flutter_project\gym_fitness_app\android\.gradle\7.5\checksums)" [_thread_blocked, id=14788, stack(0x0000004e28500000,0x0000004e28600000)]
  0x0000024b559db100 JavaThread "Cache worker for cache directory md-rule (C:\Users\Admin\.gradle\caches\7.5\md-rule)" [_thread_blocked, id=17480, stack(0x0000004e28600000,0x0000004e28700000)]
  0x0000024b559dbf70 JavaThread "Cache worker for file hash cache (D:\flutter_workspace\flutter_project\gym_fitness_app\android\.gradle\7.5\fileHashes)" [_thread_blocked, id=1204, stack(0x0000004e28700000,0x0000004e28800000)]
  0x0000024b559da760 JavaThread "Cache worker for cache directory md-supplier (C:\Users\Admin\.gradle\caches\7.5\md-supplier)" [_thread_blocked, id=8732, stack(0x0000004e28800000,0x0000004e28900000)]
  0x0000024b559dac30 JavaThread "Cache worker for dependencies-accessors (D:\flutter_workspace\flutter_project\gym_fitness_app\android\.gradle\7.5\dependencies-accessors)" [_thread_blocked, id=15832, stack(0x0000004e28f00000,0x0000004e29000000)]
  0x0000024b5f1db360 JavaThread "Cache worker for Build Output Cleanup Cache (D:\flutter_workspace\flutter_project\gym_fitness_app\android\.gradle\buildOutputCleanup)" [_thread_blocked, id=5036, stack(0x0000004e29200000,0x0000004e29300000)]
  0x0000024b5f1dd510 JavaThread "Unconstrained build operations" [_thread_blocked, id=12956, stack(0x0000004e29300000,0x0000004e29400000)]
  0x0000024b5f1db830 JavaThread "Unconstrained build operations Thread 2" [_thread_blocked, id=17348, stack(0x0000004e29500000,0x0000004e29600000)]
  0x0000024b5f1ddeb0 JavaThread "Unconstrained build operations Thread 3" [_thread_blocked, id=4240, stack(0x0000004e29600000,0x0000004e29700000)]
  0x0000024b57f61990 JavaThread "Unconstrained build operations Thread 4" [_thread_blocked, id=8960, stack(0x0000004e29c00000,0x0000004e29d00000)]
  0x0000024b57f631a0 JavaThread "Unconstrained build operations Thread 5" [_thread_blocked, id=4672, stack(0x0000004e29e00000,0x0000004e29f00000)]
  0x0000024b57f62330 JavaThread "Unconstrained build operations Thread 6" [_thread_blocked, id=3824, stack(0x0000004e29f00000,0x0000004e2a000000)]
  0x0000024b57f5f7e0 JavaThread "Unconstrained build operations Thread 7" [_thread_blocked, id=6508, stack(0x0000004e2a000000,0x0000004e2a100000)]
  0x0000024b55d14680 JavaThread "Unconstrained build operations Thread 8" [_thread_blocked, id=1464, stack(0x0000004e2a100000,0x0000004e2a200000)]
  0x0000024b55d171d0 JavaThread "Unconstrained build operations Thread 9" [_thread_blocked, id=15372, stack(0x0000004e2a200000,0x0000004e2a300000)]
  0x0000024b55d154f0 JavaThread "Unconstrained build operations Thread 10" [_thread_blocked, id=8720, stack(0x0000004e2a300000,0x0000004e2a400000)]
  0x0000024b55d15020 JavaThread "Unconstrained build operations Thread 11" [_thread_blocked, id=16876, stack(0x0000004e2a400000,0x0000004e2a500000)]
  0x0000024b55d159c0 JavaThread "Unconstrained build operations Thread 12" [_thread_blocked, id=2696, stack(0x0000004e2a500000,0x0000004e2a600000)]
  0x0000024b55d15e90 JavaThread "Unconstrained build operations Thread 13" [_thread_blocked, id=6240, stack(0x0000004e2a600000,0x0000004e2a700000)]
  0x0000024b55d16360 JavaThread "Unconstrained build operations Thread 14" [_thread_blocked, id=15068, stack(0x0000004e2a700000,0x0000004e2a800000)]
  0x0000024b55d17b70 JavaThread "Unconstrained build operations Thread 15" [_thread_blocked, id=17760, stack(0x0000004e2a800000,0x0000004e2a900000)]
  0x0000024b55d176a0 JavaThread "Unconstrained build operations Thread 16" [_thread_blocked, id=15448, stack(0x0000004e2a900000,0x0000004e2aa00000)]
  0x0000024b55d16d00 JavaThread "Unconstrained build operations Thread 17" [_thread_blocked, id=7976, stack(0x0000004e2aa00000,0x0000004e2ab00000)]
  0x0000024b55d16830 JavaThread "Unconstrained build operations Thread 18" [_thread_blocked, id=1188, stack(0x0000004e2ab00000,0x0000004e2ac00000)]
  0x0000024b5ec13790 JavaThread "Unconstrained build operations Thread 19" [_thread_blocked, id=17932, stack(0x0000004e2ac00000,0x0000004e2ad00000)]
  0x0000024b5ec12920 JavaThread "Unconstrained build operations Thread 20" [_thread_blocked, id=9608, stack(0x0000004e2ad00000,0x0000004e2ae00000)]
  0x0000024b5ec14ad0 JavaThread "Unconstrained build operations Thread 21" [_thread_blocked, id=10724, stack(0x0000004e2ae00000,0x0000004e2af00000)]
  0x0000024b5ec132c0 JavaThread "Unconstrained build operations Thread 22" [_thread_blocked, id=9860, stack(0x0000004e2af00000,0x0000004e2b000000)]
  0x0000024b5ec13c60 JavaThread "Unconstrained build operations Thread 23" [_thread_blocked, id=15852, stack(0x0000004e2b000000,0x0000004e2b100000)]
  0x0000024b5ec15e10 JavaThread "Unconstrained build operations Thread 24" [_thread_blocked, id=4948, stack(0x0000004e2b100000,0x0000004e2b200000)]
  0x0000024b5ec14130 JavaThread "Unconstrained build operations Thread 25" [_thread_blocked, id=15856, stack(0x0000004e2b200000,0x0000004e2b300000)]
  0x0000024b5ec14fa0 JavaThread "Unconstrained build operations Thread 26" [_thread_blocked, id=5652, stack(0x0000004e2b300000,0x0000004e2b400000)]
  0x0000024b55d18040 JavaThread "Unconstrained build operations Thread 27" [_thread_blocked, id=18320, stack(0x0000004e2b400000,0x0000004e2b500000)]
  0x0000024b55d14b50 JavaThread "Unconstrained build operations Thread 28" [_thread_blocked, id=2524, stack(0x0000004e2b500000,0x0000004e2b600000)]
  0x0000024b68efd810 JavaThread "Unconstrained build operations Thread 29" [_thread_blocked, id=5332, stack(0x0000004e2b600000,0x0000004e2b700000)]
  0x0000024b68efc000 JavaThread "Unconstrained build operations Thread 30" [_thread_blocked, id=5968, stack(0x0000004e2b700000,0x0000004e2b800000)]
  0x0000024b68efdce0 JavaThread "Unconstrained build operations Thread 31" [_thread_blocked, id=14632, stack(0x0000004e2b800000,0x0000004e2b900000)]
  0x0000024b68efacc0 JavaThread "Unconstrained build operations Thread 32" [_thread_blocked, id=16536, stack(0x0000004e2b900000,0x0000004e2ba00000)]
  0x0000024b68efce70 JavaThread "Unconstrained build operations Thread 33" [_thread_blocked, id=4716, stack(0x0000004e2ba00000,0x0000004e2bb00000)]
  0x0000024b68efbb30 JavaThread "Unconstrained build operations Thread 34" [_thread_blocked, id=2596, stack(0x0000004e2bb00000,0x0000004e2bc00000)]
  0x0000024b68efa320 JavaThread "Unconstrained build operations Thread 35" [_thread_blocked, id=18272, stack(0x0000004e2bc00000,0x0000004e2bd00000)]
  0x0000024b68efc4d0 JavaThread "Unconstrained build operations Thread 36" [_thread_blocked, id=17700, stack(0x0000004e2bd00000,0x0000004e2be00000)]
  0x0000024b68efb190 JavaThread "Unconstrained build operations Thread 37" [_thread_blocked, id=14684, stack(0x0000004e2be00000,0x0000004e2bf00000)]
  0x0000024b68efb660 JavaThread "Unconstrained build operations Thread 38" [_thread_blocked, id=14564, stack(0x0000004e2bf00000,0x0000004e2c000000)]
  0x0000024b68efa7f0 JavaThread "Unconstrained build operations Thread 39" [_thread_blocked, id=7376, stack(0x0000004e2c000000,0x0000004e2c100000)]
  0x0000024b68efc9a0 JavaThread "Unconstrained build operations Thread 40" [_thread_blocked, id=4684, stack(0x0000004e2c100000,0x0000004e2c200000)]
  0x0000024b68efd340 JavaThread "Unconstrained build operations Thread 41" [_thread_blocked, id=13496, stack(0x0000004e2c200000,0x0000004e2c300000)]
  0x0000024b64e3c110 JavaThread "Unconstrained build operations Thread 42" [_thread_blocked, id=15056, stack(0x0000004e2c300000,0x0000004e2c400000)]
  0x0000024b64e3b770 JavaThread "Unconstrained build operations Thread 43" [_thread_blocked, id=5848, stack(0x0000004e2c400000,0x0000004e2c500000)]
  0x0000024b64e3a430 JavaThread "Unconstrained build operations Thread 44" [_thread_blocked, id=10488, stack(0x0000004e2c500000,0x0000004e2c600000)]
  0x0000024b64e39f60 JavaThread "Unconstrained build operations Thread 45" [_thread_blocked, id=15972, stack(0x0000004e2c600000,0x0000004e2c700000)]
  0x0000024b64e3d450 JavaThread "Unconstrained build operations Thread 46" [_thread_blocked, id=11288, stack(0x0000004e2c700000,0x0000004e2c800000)]
  0x0000024b64e39a90 JavaThread "Unconstrained build operations Thread 47" [_thread_blocked, id=6032, stack(0x0000004e2c800000,0x0000004e2c900000)]
  0x0000024b64e3a900 JavaThread "Unconstrained build operations Thread 48" [_thread_blocked, id=4852, stack(0x0000004e2c900000,0x0000004e2ca00000)]
  0x0000024b64e3cab0 JavaThread "Unconstrained build operations Thread 49" [_thread_blocked, id=12472, stack(0x0000004e2ca00000,0x0000004e2cb00000)]
  0x0000024b64e3add0 JavaThread "Unconstrained build operations Thread 50" [_thread_blocked, id=7452, stack(0x0000004e2cb00000,0x0000004e2cc00000)]
  0x0000024b64e3cf80 JavaThread "Unconstrained build operations Thread 51" [_thread_blocked, id=17032, stack(0x0000004e2cc00000,0x0000004e2cd00000)]
  0x0000024b64e3b2a0 JavaThread "Unconstrained build operations Thread 52" [_thread_blocked, id=5532, stack(0x0000004e2cd00000,0x0000004e2ce00000)]
  0x0000024b64e3bc40 JavaThread "Unconstrained build operations Thread 53" [_thread_blocked, id=10952, stack(0x0000004e2ce00000,0x0000004e2cf00000)]
  0x0000024b64e3c5e0 JavaThread "Unconstrained build operations Thread 54" [_thread_blocked, id=3812, stack(0x0000004e2cf00000,0x0000004e2d000000)]
  0x0000024b6f451870 JavaThread "Unconstrained build operations Thread 55" [_thread_blocked, id=16372, stack(0x0000004e2d000000,0x0000004e2d100000)]
  0x0000024b6f450a00 JavaThread "Unconstrained build operations Thread 56" [_thread_blocked, id=16812, stack(0x0000004e2d100000,0x0000004e2d200000)]
  0x0000024b6f450ed0 JavaThread "Unconstrained build operations Thread 57" [_thread_blocked, id=2900, stack(0x0000004e2d200000,0x0000004e2d300000)]
  0x0000024b6f453550 JavaThread "Unconstrained build operations Thread 58" [_thread_blocked, id=4960, stack(0x0000004e2d300000,0x0000004e2d400000)]
  0x0000024b6f453a20 JavaThread "Unconstrained build operations Thread 59" [_thread_blocked, id=1828, stack(0x0000004e2d400000,0x0000004e2d500000)]
  0x0000024b6f453080 JavaThread "Unconstrained build operations Thread 60" [_thread_blocked, id=2800, stack(0x0000004e2d500000,0x0000004e2d600000)]
  0x0000024b6f450060 JavaThread "Unconstrained build operations Thread 61" [_thread_blocked, id=9100, stack(0x0000004e2d600000,0x0000004e2d700000)]
  0x0000024b6f4513a0 JavaThread "Unconstrained build operations Thread 62" [_thread_blocked, id=7896, stack(0x0000004e2d700000,0x0000004e2d800000)]
  0x0000024b6f450530 JavaThread "Unconstrained build operations Thread 63" [_thread_blocked, id=9036, stack(0x0000004e2d800000,0x0000004e2d900000)]
  0x0000024b6f451d40 JavaThread "Unconstrained build operations Thread 64" [_thread_blocked, id=15436, stack(0x0000004e2d900000,0x0000004e2da00000)]
  0x0000024b6f452210 JavaThread "Unconstrained build operations Thread 65" [_thread_blocked, id=15548, stack(0x0000004e2da00000,0x0000004e2db00000)]
  0x0000024b6f4526e0 JavaThread "Unconstrained build operations Thread 66" [_thread_blocked, id=7140, stack(0x0000004e2db00000,0x0000004e2dc00000)]
  0x0000024b6f452bb0 JavaThread "Unconstrained build operations Thread 67" [_thread_blocked, id=14108, stack(0x0000004e2dc00000,0x0000004e2dd00000)]
  0x0000024b5a0f22c0 JavaThread "Unconstrained build operations Thread 68" [_thread_blocked, id=5252, stack(0x0000004e2dd00000,0x0000004e2de00000)]
  0x0000024b5a0f3fa0 JavaThread "Unconstrained build operations Thread 69" [_thread_blocked, id=6172, stack(0x0000004e2de00000,0x0000004e2df00000)]
  0x0000024b5a0f3600 JavaThread "Unconstrained build operations Thread 70" [_thread_blocked, id=3756, stack(0x0000004e2df00000,0x0000004e2e000000)]
  0x0000024b5a0f1920 JavaThread "Unconstrained build operations Thread 71" [_thread_blocked, id=7748, stack(0x0000004e2e000000,0x0000004e2e100000)]
  0x0000024b5a0f2790 JavaThread "Unconstrained build operations Thread 72" [_thread_blocked, id=4408, stack(0x0000004e2e100000,0x0000004e2e200000)]
  0x0000024b5a0f1450 JavaThread "Unconstrained build operations Thread 73" [_thread_blocked, id=16816, stack(0x0000004e2e200000,0x0000004e2e300000)]
  0x0000024b5a0f3130 JavaThread "Unconstrained build operations Thread 74" [_thread_blocked, id=132, stack(0x0000004e2e300000,0x0000004e2e400000)]
  0x0000024b5a0f3ad0 JavaThread "Unconstrained build operations Thread 75" [_thread_blocked, id=10744, stack(0x0000004e2e400000,0x0000004e2e500000)]
  0x0000024b5a0f4470 JavaThread "Unconstrained build operations Thread 76" [_thread_blocked, id=12448, stack(0x0000004e2e500000,0x0000004e2e600000)]
  0x0000024b5a0f0f80 JavaThread "Unconstrained build operations Thread 77" [_thread_blocked, id=240, stack(0x0000004e2e600000,0x0000004e2e700000)]
  0x0000024b5a0f0ab0 JavaThread "Unconstrained build operations Thread 78" [_thread_blocked, id=12560, stack(0x0000004e2e700000,0x0000004e2e800000)]
  0x0000024b5a0f1df0 JavaThread "Unconstrained build operations Thread 79" [_thread_blocked, id=11872, stack(0x0000004e2e800000,0x0000004e2e900000)]
  0x0000024b5a0f2c60 JavaThread "Unconstrained build operations Thread 80" [_thread_blocked, id=7120, stack(0x0000004e2e900000,0x0000004e2ea00000)]
  0x0000024b5a613510 JavaThread "included builds" [_thread_blocked, id=9292, stack(0x0000004e2ea00000,0x0000004e2eb00000)]
  0x0000024b5a98b900 JavaThread "Execution worker" [_thread_blocked, id=6132, stack(0x0000004e2ec00000,0x0000004e2ed00000)]
  0x0000024b5a98aa90 JavaThread "Execution worker Thread 2" [_thread_blocked, id=5456, stack(0x0000004e2ed00000,0x0000004e2ee00000)]
  0x0000024b5a98af60 JavaThread "Execution worker Thread 3" [_thread_blocked, id=11464, stack(0x0000004e2ee00000,0x0000004e2ef00000)]
  0x0000024b5a98b430 JavaThread "Execution worker Thread 4" [_thread_blocked, id=6004, stack(0x0000004e2f300000,0x0000004e2f400000)]
  0x0000024b5a98bdd0 JavaThread "Execution worker Thread 5" [_thread_blocked, id=15564, stack(0x0000004e2f500000,0x0000004e2f600000)]
  0x0000024b5a989280 JavaThread "Execution worker Thread 6" [_thread_blocked, id=9116, stack(0x0000004e2f600000,0x0000004e2f700000)]
  0x0000024b5a989c20 JavaThread "Execution worker Thread 7" [_thread_blocked, id=5312, stack(0x0000004e2f700000,0x0000004e2f800000)]
  0x0000024b5ec12df0 JavaThread "Cache worker for execution history cache (D:\flutter_workspace\flutter_project\gym_fitness_app\android\.gradle\7.5\executionHistory)" [_thread_blocked, id=2576, stack(0x0000004e2f800000,0x0000004e2f900000)]
  0x0000024b5ec15470 JavaThread "Exec process Thread 73" [_thread_blocked, id=7184, stack(0x0000004e2f900000,0x0000004e2fa00000)]
  0x0000024b4ee6f7e0 JavaThread "Exec process Thread 74" [_thread_blocked, id=1592, stack(0x0000004e2fa00000,0x0000004e2fb00000)]
  0x0000024b4ee6c7c0 JavaThread "Exec process Thread 75" [_thread_blocked, id=7596, stack(0x0000004e2fb00000,0x0000004e2fc00000)]
  0x0000024b5ec15940 JavaThread "WorkerExecutor Queue" [_thread_blocked, id=11684, stack(0x0000004e2fc00000,0x0000004e2fd00000)]
  0x0000024b5af98b50 JavaThread "WorkerExecutor Queue Thread 2" [_thread_blocked, id=13500, stack(0x0000004e2fd00000,0x0000004e2fe00000)]
=>0x0000024b60d24950 JavaThread "C2 CompilerThread1" daemon [_thread_in_native, id=4376, stack(0x0000004e30200000,0x0000004e30300000)]
  0x0000024b57fc2ed0 JavaThread "WorkerExecutor Queue Thread 3" [_thread_in_native, id=15200, stack(0x0000004e30300000,0x0000004e30400000)]
  0x0000024b57fc4bb0 JavaThread "WorkerExecutor Queue Thread 4" [_thread_blocked, id=6312, stack(0x0000004e30500000,0x0000004e30600000)]
  0x0000024b57fc2530 JavaThread "WorkerExecutor Queue Thread 5" [_thread_blocked, id=2968, stack(0x0000004e30600000,0x0000004e30700000)]
  0x0000024b57fc4210 JavaThread "WorkerExecutor Queue Thread 6" [_thread_blocked, id=9896, stack(0x0000004e30700000,0x0000004e30800000)]
  0x0000024b57fc5080 JavaThread "WorkerExecutor Queue Thread 7" [_thread_blocked, id=12976, stack(0x0000004e30800000,0x0000004e30900000)]
  0x0000024b57fc46e0 JavaThread "WorkerExecutor Queue Thread 8" [_thread_blocked, id=3296, stack(0x0000004e30900000,0x0000004e30a00000)]

Other Threads:
  0x0000024b49c1b040 VMThread "VM Thread" [stack: 0x0000004e26c00000,0x0000004e26d00000] [id=11572]
  0x0000024b49067460 WatcherThread [stack: 0x0000004e27800000,0x0000004e27900000] [id=5132]
  0x0000024b30589450 GCTaskThread "GC Thread#0" [stack: 0x0000004e26700000,0x0000004e26800000] [id=17464]
  0x0000024b4a6a8450 GCTaskThread "GC Thread#1" [stack: 0x0000004e27b00000,0x0000004e27c00000] [id=6276]
  0x0000024b4a6a8700 GCTaskThread "GC Thread#2" [stack: 0x0000004e27c00000,0x0000004e27d00000] [id=15756]
  0x0000024b4a6a89b0 GCTaskThread "GC Thread#3" [stack: 0x0000004e27d00000,0x0000004e27e00000] [id=7132]
  0x0000024b4ac35e80 GCTaskThread "GC Thread#4" [stack: 0x0000004e27e00000,0x0000004e27f00000] [id=17440]
  0x0000024b4a3a9f30 GCTaskThread "GC Thread#5" [stack: 0x0000004e27f00000,0x0000004e28000000] [id=9284]
  0x0000024b4c57c040 GCTaskThread "GC Thread#6" [stack: 0x0000004e28b00000,0x0000004e28c00000] [id=13208]
  0x0000024b4cdeece0 GCTaskThread "GC Thread#7" [stack: 0x0000004e28c00000,0x0000004e28d00000] [id=2492]
  0x0000024b305972b0 ConcurrentGCThread "G1 Main Marker" [stack: 0x0000004e26800000,0x0000004e26900000] [id=1448]
  0x0000024b30598370 ConcurrentGCThread "G1 Conc#0" [stack: 0x0000004e26900000,0x0000004e26a00000] [id=8368]
  0x0000024b4ac1fdf0 ConcurrentGCThread "G1 Conc#1" [stack: 0x0000004e28d00000,0x0000004e28e00000] [id=4808]
  0x0000024b48f36170 ConcurrentGCThread "G1 Refine#0" [stack: 0x0000004e26a00000,0x0000004e26b00000] [id=1672]
  0x0000024b4f4f4c00 ConcurrentGCThread "G1 Refine#1" [stack: 0x0000004e2fe00000,0x0000004e2ff00000] [id=9944]
  0x0000024b52479e50 ConcurrentGCThread "G1 Refine#2" [stack: 0x0000004e2ff00000,0x0000004e30000000] [id=3524]
  0x0000024b4f0df760 ConcurrentGCThread "G1 Refine#3" [stack: 0x0000004e30000000,0x0000004e30100000] [id=16896]
  0x0000024b5247a130 ConcurrentGCThread "G1 Refine#4" [stack: 0x0000004e30100000,0x0000004e30200000] [id=16592]
  0x0000024b5112d1e0 ConcurrentGCThread "G1 Refine#5" [stack: 0x0000004e30400000,0x0000004e30500000] [id=4340]
  0x0000024b50e39230 ConcurrentGCThread "G1 Refine#6" [stack: 0x0000004e32200000,0x0000004e32300000] [id=4900]
  0x0000024b58de49f0 ConcurrentGCThread "G1 Refine#7" [stack: 0x0000004e32300000,0x0000004e32400000] [id=17496]
  0x0000024b48f36aa0 ConcurrentGCThread "G1 Service" [stack: 0x0000004e26b00000,0x0000004e26c00000] [id=13372]

Threads with active compile tasks:
C2 CompilerThread1  26496355 83765   !   4       org.gradle.execution.plan.ResolveMutationsNode::execute (42 bytes)

VM state: not at safepoint (normal execution)

VM Mutex/Monitor currently owned by a thread: None

Heap address: 0x00000000a0000000, size: 1536 MB, Compressed Oops mode: 32-bit

CDS archive(s) not mapped
Compressed class space mapped at: 0x0000000100000000-0x0000000140000000, reserved size: 1073741824
Narrow klass base: 0x0000000000000000, Narrow klass shift: 3, Narrow klass range: 0x140000000

GC Precious Log:
 CPUs: 8 total, 8 available
 Memory: 16342M
 Large Page Support: Disabled
 NUMA Support: Disabled
 Compressed Oops: Enabled (32-bit)
 Heap Region Size: 1M
 Heap Min Capacity: 8M
 Heap Initial Capacity: 256M
 Heap Max Capacity: 1536M
 Pre-touch: Disabled
 Parallel Workers: 8
 Concurrent Workers: 2
 Concurrent Refinement Workers: 8
 Periodic GC: Disabled

Heap:
 garbage-first heap   total 1114112K, used 626481K [0x00000000a0000000, 0x0000000100000000)
  region size 1024K, 203 young (207872K), 15 survivors (15360K)
 Metaspace       used 357959K, committed 361472K, reserved 1368064K
  class space    used 47231K, committed 48704K, reserved 1048576K

Heap Regions: E=young(eden), S=young(survivor), O=old, HS=humongous(starts), HC=humongous(continues), CS=collection set, F=free, OA=open archive, CA=closed archive, TAMS=top-at-mark-start (previous, next)
|   0|0x00000000a0000000, 0x00000000a0100000, 0x00000000a0100000|100%| O|  |TAMS 0x00000000a0100000, 0x00000000a0000000| Untracked 
|   1|0x00000000a0100000, 0x00000000a01ffff0, 0x00000000a0200000| 99%| O|  |TAMS 0x00000000a01ffff0, 0x00000000a0100000| Untracked 
|   2|0x00000000a0200000, 0x00000000a02fdba0, 0x00000000a0300000| 99%| O|  |TAMS 0x00000000a02fdba0, 0x00000000a0200000| Untracked 
|   3|0x00000000a0300000, 0x00000000a0400000, 0x00000000a0400000|100%|HS|  |TAMS 0x00000000a0400000, 0x00000000a0300000| Complete 
|   4|0x00000000a0400000, 0x00000000a0500000, 0x00000000a0500000|100%|HC|  |TAMS 0x00000000a0500000, 0x00000000a0400000| Complete 
|   5|0x00000000a0500000, 0x00000000a0600000, 0x00000000a0600000|100%|HC|  |TAMS 0x00000000a0600000, 0x00000000a0500000| Complete 
|   6|0x00000000a0600000, 0x00000000a0700000, 0x00000000a0700000|100%| O|  |TAMS 0x00000000a0700000, 0x00000000a0600000| Untracked 
|   7|0x00000000a0700000, 0x00000000a0800000, 0x00000000a0800000|100%| O|  |TAMS 0x00000000a0800000, 0x00000000a0700000| Untracked 
|   8|0x00000000a0800000, 0x00000000a08ffff0, 0x00000000a0900000| 99%| O|  |TAMS 0x00000000a08ffff0, 0x00000000a0800000| Untracked 
|   9|0x00000000a0900000, 0x00000000a0a00000, 0x00000000a0a00000|100%| O|  |TAMS 0x00000000a0a00000, 0x00000000a0900000| Untracked 
|  10|0x00000000a0a00000, 0x00000000a0affff0, 0x00000000a0b00000| 99%| O|  |TAMS 0x00000000a0affff0, 0x00000000a0a00000| Untracked 
|  11|0x00000000a0b00000, 0x00000000a0bffff8, 0x00000000a0c00000| 99%| O|  |TAMS 0x00000000a0bffff8, 0x00000000a0b00000| Untracked 
|  12|0x00000000a0c00000, 0x00000000a0cffff0, 0x00000000a0d00000| 99%| O|  |TAMS 0x00000000a0cffff0, 0x00000000a0c00000| Untracked 
|  13|0x00000000a0d00000, 0x00000000a0dfffe0, 0x00000000a0e00000| 99%| O|  |TAMS 0x00000000a0dfffe0, 0x00000000a0d00000| Untracked 
|  14|0x00000000a0e00000, 0x00000000a0efffd8, 0x00000000a0f00000| 99%| O|  |TAMS 0x00000000a0efffd8, 0x00000000a0e00000| Untracked 
|  15|0x00000000a0f00000, 0x00000000a0ffffe8, 0x00000000a1000000| 99%| O|  |TAMS 0x00000000a0ffffe8, 0x00000000a0f00000| Untracked 
|  16|0x00000000a1000000, 0x00000000a10fffe8, 0x00000000a1100000| 99%| O|  |TAMS 0x00000000a10fffe8, 0x00000000a1000000| Untracked 
|  17|0x00000000a1100000, 0x00000000a11ffff8, 0x00000000a1200000| 99%| O|  |TAMS 0x00000000a11ffff8, 0x00000000a1100000| Untracked 
|  18|0x00000000a1200000, 0x00000000a12ffff0, 0x00000000a1300000| 99%| O|  |TAMS 0x00000000a12ffff0, 0x00000000a1200000| Untracked 
|  19|0x00000000a1300000, 0x00000000a1400000, 0x00000000a1400000|100%| O|  |TAMS 0x00000000a1400000, 0x00000000a1300000| Untracked 
|  20|0x00000000a1400000, 0x00000000a14ffff8, 0x00000000a1500000| 99%| O|  |TAMS 0x00000000a14ffff8, 0x00000000a1400000| Untracked 
|  21|0x00000000a1500000, 0x00000000a15ffff8, 0x00000000a1600000| 99%| O|  |TAMS 0x00000000a15ffff8, 0x00000000a1500000| Untracked 
|  22|0x00000000a1600000, 0x00000000a16fffc0, 0x00000000a1700000| 99%| O|  |TAMS 0x00000000a16fffc0, 0x00000000a1600000| Untracked 
|  23|0x00000000a1700000, 0x00000000a17ffff0, 0x00000000a1800000| 99%| O|  |TAMS 0x00000000a17ffff0, 0x00000000a1700000| Untracked 
|  24|0x00000000a1800000, 0x00000000a18ff310, 0x00000000a1900000| 99%| O|  |TAMS 0x00000000a18ff310, 0x00000000a1800000| Untracked 
|  25|0x00000000a1900000, 0x00000000a19fffb0, 0x00000000a1a00000| 99%| O|  |TAMS 0x00000000a19fffb0, 0x00000000a1900000| Untracked 
|  26|0x00000000a1a00000, 0x00000000a1afffd0, 0x00000000a1b00000| 99%| O|  |TAMS 0x00000000a1afffd0, 0x00000000a1a00000| Untracked 
|  27|0x00000000a1b00000, 0x00000000a1bfdd58, 0x00000000a1c00000| 99%| O|  |TAMS 0x00000000a1bfdd58, 0x00000000a1b00000| Untracked 
|  28|0x00000000a1c00000, 0x00000000a1cffff0, 0x00000000a1d00000| 99%| O|  |TAMS 0x00000000a1cffff0, 0x00000000a1c00000| Untracked 
|  29|0x00000000a1d00000, 0x00000000a1e00000, 0x00000000a1e00000|100%|HS|  |TAMS 0x00000000a1e00000, 0x00000000a1d00000| Complete 
|  30|0x00000000a1e00000, 0x00000000a1f00000, 0x00000000a1f00000|100%|HS|  |TAMS 0x00000000a1f00000, 0x00000000a1e00000| Complete 
|  31|0x00000000a1f00000, 0x00000000a2000000, 0x00000000a2000000|100%|HS|  |TAMS 0x00000000a2000000, 0x00000000a1f00000| Complete 
|  32|0x00000000a2000000, 0x00000000a2100000, 0x00000000a2100000|100%|HS|  |TAMS 0x00000000a2100000, 0x00000000a2000000| Complete 
|  33|0x00000000a2100000, 0x00000000a2200000, 0x00000000a2200000|100%|HC|  |TAMS 0x00000000a2200000, 0x00000000a2100000| Complete 
|  34|0x00000000a2200000, 0x00000000a2300000, 0x00000000a2300000|100%|HC|  |TAMS 0x00000000a2300000, 0x00000000a2200000| Complete 
|  35|0x00000000a2300000, 0x00000000a23ffff0, 0x00000000a2400000| 99%| O|  |TAMS 0x00000000a23ffff0, 0x00000000a2300000| Untracked 
|  36|0x00000000a2400000, 0x00000000a2500000, 0x00000000a2500000|100%|HS|  |TAMS 0x00000000a2500000, 0x00000000a2400000| Complete 
|  37|0x00000000a2500000, 0x00000000a2600000, 0x00000000a2600000|100%|HC|  |TAMS 0x00000000a2600000, 0x00000000a2500000| Complete 
|  38|0x00000000a2600000, 0x00000000a26ffff8, 0x00000000a2700000| 99%| O|  |TAMS 0x00000000a26ffff8, 0x00000000a2600000| Untracked 
|  39|0x00000000a2700000, 0x00000000a27fff98, 0x00000000a2800000| 99%| O|  |TAMS 0x00000000a27fff98, 0x00000000a2700000| Untracked 
|  40|0x00000000a2800000, 0x00000000a2900000, 0x00000000a2900000|100%| O|  |TAMS 0x00000000a2900000, 0x00000000a2800000| Untracked 
|  41|0x00000000a2900000, 0x00000000a29fe5e0, 0x00000000a2a00000| 99%| O|  |TAMS 0x00000000a29fe5e0, 0x00000000a2900000| Untracked 
|  42|0x00000000a2a00000, 0x00000000a2affff0, 0x00000000a2b00000| 99%| O|  |TAMS 0x00000000a2affff0, 0x00000000a2a00000| Untracked 
|  43|0x00000000a2b00000, 0x00000000a2c00000, 0x00000000a2c00000|100%| O|  |TAMS 0x00000000a2c00000, 0x00000000a2b00000| Untracked 
|  44|0x00000000a2c00000, 0x00000000a2cffff8, 0x00000000a2d00000| 99%| O|  |TAMS 0x00000000a2cffff8, 0x00000000a2c00000| Untracked 
|  45|0x00000000a2d00000, 0x00000000a2e00000, 0x00000000a2e00000|100%| O|  |TAMS 0x00000000a2e00000, 0x00000000a2d00000| Untracked 
|  46|0x00000000a2e00000, 0x00000000a2f00000, 0x00000000a2f00000|100%|HS|  |TAMS 0x00000000a2f00000, 0x00000000a2e00000| Untracked 
|  47|0x00000000a2f00000, 0x00000000a2ffffa8, 0x00000000a3000000| 99%| O|  |TAMS 0x00000000a2ffffa8, 0x00000000a2f00000| Untracked 
|  48|0x00000000a3000000, 0x00000000a30fffd0, 0x00000000a3100000| 99%| O|  |TAMS 0x00000000a30fffd0, 0x00000000a3000000| Untracked 
|  49|0x00000000a3100000, 0x00000000a31ffff0, 0x00000000a3200000| 99%| O|  |TAMS 0x00000000a31ffff0, 0x00000000a3100000| Untracked 
|  50|0x00000000a3200000, 0x00000000a3300000, 0x00000000a3300000|100%| O|  |TAMS 0x00000000a3300000, 0x00000000a3200000| Untracked 
|  51|0x00000000a3300000, 0x00000000a33ffff8, 0x00000000a3400000| 99%| O|  |TAMS 0x00000000a33ffff8, 0x00000000a3300000| Untracked 
|  52|0x00000000a3400000, 0x00000000a34ffff0, 0x00000000a3500000| 99%| O|  |TAMS 0x00000000a34ffff0, 0x00000000a3400000| Untracked 
|  53|0x00000000a3500000, 0x00000000a35fffe8, 0x00000000a3600000| 99%| O|  |TAMS 0x00000000a35fffe8, 0x00000000a3500000| Untracked 
|  54|0x00000000a3600000, 0x00000000a36fffb0, 0x00000000a3700000| 99%| O|  |TAMS 0x00000000a36fffb0, 0x00000000a3600000| Untracked 
|  55|0x00000000a3700000, 0x00000000a37ffff0, 0x00000000a3800000| 99%| O|  |TAMS 0x00000000a37ffff0, 0x00000000a3700000| Untracked 
|  56|0x00000000a3800000, 0x00000000a38bafc8, 0x00000000a3900000| 73%| O|  |TAMS 0x00000000a38bafc8, 0x00000000a3800000| Untracked 
|  57|0x00000000a3900000, 0x00000000a39c3698, 0x00000000a3a00000| 76%| O|  |TAMS 0x00000000a39c3698, 0x00000000a3900000| Untracked 
|  58|0x00000000a3a00000, 0x00000000a3b00000, 0x00000000a3b00000|100%| O|  |TAMS 0x00000000a3b00000, 0x00000000a3a00000| Untracked 
|  59|0x00000000a3b00000, 0x00000000a3c00000, 0x00000000a3c00000|100%| O|  |TAMS 0x00000000a3c00000, 0x00000000a3b00000| Complete 
|  60|0x00000000a3c00000, 0x00000000a3cffff0, 0x00000000a3d00000| 99%| O|  |TAMS 0x00000000a3cffff0, 0x00000000a3c00000| Untracked 
|  61|0x00000000a3d00000, 0x00000000a3e00000, 0x00000000a3e00000|100%|HS|  |TAMS 0x00000000a3e00000, 0x00000000a3d00000| Complete 
|  62|0x00000000a3e00000, 0x00000000a3f00000, 0x00000000a3f00000|100%| O|  |TAMS 0x00000000a3f00000, 0x00000000a3e00000| Untracked 
|  63|0x00000000a3f00000, 0x00000000a4000000, 0x00000000a4000000|100%| O|  |TAMS 0x00000000a4000000, 0x00000000a3f00000| Untracked 
|  64|0x00000000a4000000, 0x00000000a40ffff0, 0x00000000a4100000| 99%| O|  |TAMS 0x00000000a40ffff0, 0x00000000a4000000| Untracked 
|  65|0x00000000a4100000, 0x00000000a41fffe8, 0x00000000a4200000| 99%| O|  |TAMS 0x00000000a41fffe8, 0x00000000a4100000| Untracked 
|  66|0x00000000a4200000, 0x00000000a4300000, 0x00000000a4300000|100%| O|  |TAMS 0x00000000a4300000, 0x00000000a4200000| Untracked 
|  67|0x00000000a4300000, 0x00000000a4400000, 0x00000000a4400000|100%| O|  |TAMS 0x00000000a4400000, 0x00000000a4300000| Untracked 
|  68|0x00000000a4400000, 0x00000000a4500000, 0x00000000a4500000|100%| O|  |TAMS 0x00000000a4500000, 0x00000000a4400000| Untracked 
|  69|0x00000000a4500000, 0x00000000a4600000, 0x00000000a4600000|100%| O|  |TAMS 0x00000000a4600000, 0x00000000a4500000| Untracked 
|  70|0x00000000a4600000, 0x00000000a46ffff8, 0x00000000a4700000| 99%| O|  |TAMS 0x00000000a46ffff8, 0x00000000a4600000| Untracked 
|  71|0x00000000a4700000, 0x00000000a47e5f98, 0x00000000a4800000| 89%| O|  |TAMS 0x00000000a47e5f98, 0x00000000a4700000| Untracked 
|  72|0x00000000a4800000, 0x00000000a48ffff8, 0x00000000a4900000| 99%| O|  |TAMS 0x00000000a48ffff8, 0x00000000a4800000| Untracked 
|  73|0x00000000a4900000, 0x00000000a49ffff8, 0x00000000a4a00000| 99%| O|  |TAMS 0x00000000a49ffff8, 0x00000000a4900000| Untracked 
|  74|0x00000000a4a00000, 0x00000000a4b00000, 0x00000000a4b00000|100%| O|  |TAMS 0x00000000a4b00000, 0x00000000a4a00000| Untracked 
|  75|0x00000000a4b00000, 0x00000000a4c00000, 0x00000000a4c00000|100%|HS|  |TAMS 0x00000000a4c00000, 0x00000000a4b00000| Complete 
|  76|0x00000000a4c00000, 0x00000000a4cffff0, 0x00000000a4d00000| 99%| O|  |TAMS 0x00000000a4cffff0, 0x00000000a4c00000| Untracked 
|  77|0x00000000a4d00000, 0x00000000a4e00000, 0x00000000a4e00000|100%| O|  |TAMS 0x00000000a4e00000, 0x00000000a4d00000| Untracked 
|  78|0x00000000a4e00000, 0x00000000a4f00000, 0x00000000a4f00000|100%| O|  |TAMS 0x00000000a4f00000, 0x00000000a4e00000| Untracked 
|  79|0x00000000a4f00000, 0x00000000a4fffff0, 0x00000000a5000000| 99%| O|  |TAMS 0x00000000a4fffff0, 0x00000000a4f00000| Untracked 
|  80|0x00000000a5000000, 0x00000000a50cbef8, 0x00000000a5100000| 79%| O|  |TAMS 0x00000000a50cbef8, 0x00000000a5000000| Untracked 
|  81|0x00000000a5100000, 0x00000000a5200000, 0x00000000a5200000|100%| O|  |TAMS 0x00000000a5200000, 0x00000000a5100000| Untracked 
|  82|0x00000000a5200000, 0x00000000a52fffd8, 0x00000000a5300000| 99%| O|  |TAMS 0x00000000a52fffd8, 0x00000000a5200000| Untracked 
|  83|0x00000000a5300000, 0x00000000a53ffff8, 0x00000000a5400000| 99%| O|  |TAMS 0x00000000a53ffff8, 0x00000000a5300000| Untracked 
|  84|0x00000000a5400000, 0x00000000a54ffff8, 0x00000000a5500000| 99%| O|  |TAMS 0x00000000a54ffff8, 0x00000000a5400000| Untracked 
|  85|0x00000000a5500000, 0x00000000a55ffff8, 0x00000000a5600000| 99%| O|  |TAMS 0x00000000a55ffff8, 0x00000000a5500000| Untracked 
|  86|0x00000000a5600000, 0x00000000a56ffff8, 0x00000000a5700000| 99%| O|  |TAMS 0x00000000a56ffff8, 0x00000000a5600000| Untracked 
|  87|0x00000000a5700000, 0x00000000a57fffc0, 0x00000000a5800000| 99%| O|  |TAMS 0x00000000a57fffc0, 0x00000000a5700000| Untracked 
|  88|0x00000000a5800000, 0x00000000a58fffd8, 0x00000000a5900000| 99%| O|  |TAMS 0x00000000a58fffd8, 0x00000000a5800000| Untracked 
|  89|0x00000000a5900000, 0x00000000a5a00000, 0x00000000a5a00000|100%| O|  |TAMS 0x00000000a5a00000, 0x00000000a5900000| Untracked 
|  90|0x00000000a5a00000, 0x00000000a5affff8, 0x00000000a5b00000| 99%| O|  |TAMS 0x00000000a5affff8, 0x00000000a5a00000| Untracked 
|  91|0x00000000a5b00000, 0x00000000a5bf4c20, 0x00000000a5c00000| 95%| O|  |TAMS 0x00000000a5bf4c20, 0x00000000a5b00000| Untracked 
|  92|0x00000000a5c00000, 0x00000000a5cfff38, 0x00000000a5d00000| 99%| O|  |TAMS 0x00000000a5cfff38, 0x00000000a5c00000| Untracked 
|  93|0x00000000a5d00000, 0x00000000a5e00000, 0x00000000a5e00000|100%| O|  |TAMS 0x00000000a5e00000, 0x00000000a5d00000| Untracked 
|  94|0x00000000a5e00000, 0x00000000a5f00000, 0x00000000a5f00000|100%| O|  |TAMS 0x00000000a5f00000, 0x00000000a5e00000| Untracked 
|  95|0x00000000a5f00000, 0x00000000a6000000, 0x00000000a6000000|100%| O|  |TAMS 0x00000000a6000000, 0x00000000a5f00000| Untracked 
|  96|0x00000000a6000000, 0x00000000a6100000, 0x00000000a6100000|100%| O|  |TAMS 0x00000000a6100000, 0x00000000a6000000| Untracked 
|  97|0x00000000a6100000, 0x00000000a6200000, 0x00000000a6200000|100%| O|  |TAMS 0x00000000a6200000, 0x00000000a6100000| Complete 
|  98|0x00000000a6200000, 0x00000000a6300000, 0x00000000a6300000|100%| O|  |TAMS 0x00000000a6300000, 0x00000000a6200000| Untracked 
|  99|0x00000000a6300000, 0x00000000a63fffd8, 0x00000000a6400000| 99%| O|  |TAMS 0x00000000a63fffd8, 0x00000000a6300000| Untracked 
| 100|0x00000000a6400000, 0x00000000a64fffd0, 0x00000000a6500000| 99%| O|  |TAMS 0x00000000a64fffd0, 0x00000000a6400000| Untracked 
| 101|0x00000000a6500000, 0x00000000a65ffff8, 0x00000000a6600000| 99%| O|  |TAMS 0x00000000a65ffff8, 0x00000000a6500000| Untracked 
| 102|0x00000000a6600000, 0x00000000a66fffd0, 0x00000000a6700000| 99%| O|  |TAMS 0x00000000a66fffd0, 0x00000000a6600000| Untracked 
| 103|0x00000000a6700000, 0x00000000a67fffd8, 0x00000000a6800000| 99%| O|  |TAMS 0x00000000a67fffd8, 0x00000000a6700000| Untracked 
| 104|0x00000000a6800000, 0x00000000a68ffff0, 0x00000000a6900000| 99%| O|  |TAMS 0x00000000a68ffff0, 0x00000000a6800000| Untracked 
| 105|0x00000000a6900000, 0x00000000a6a00000, 0x00000000a6a00000|100%| O|  |TAMS 0x00000000a6a00000, 0x00000000a6900000| Untracked 
| 106|0x00000000a6a00000, 0x00000000a6affff0, 0x00000000a6b00000| 99%| O|  |TAMS 0x00000000a6affff0, 0x00000000a6a00000| Untracked 
| 107|0x00000000a6b00000, 0x00000000a6bffff8, 0x00000000a6c00000| 99%| O|  |TAMS 0x00000000a6bffff8, 0x00000000a6b00000| Untracked 
| 108|0x00000000a6c00000, 0x00000000a6cfffe8, 0x00000000a6d00000| 99%| O|  |TAMS 0x00000000a6cfffe8, 0x00000000a6c00000| Untracked 
| 109|0x00000000a6d00000, 0x00000000a6dffe58, 0x00000000a6e00000| 99%| O|  |TAMS 0x00000000a6dffe58, 0x00000000a6d00000| Untracked 
| 110|0x00000000a6e00000, 0x00000000a6efffe8, 0x00000000a6f00000| 99%| O|  |TAMS 0x00000000a6efffe8, 0x00000000a6e00000| Untracked 
| 111|0x00000000a6f00000, 0x00000000a7000000, 0x00000000a7000000|100%|HS|  |TAMS 0x00000000a7000000, 0x00000000a6f00000| Complete 
| 112|0x00000000a7000000, 0x00000000a70ffff8, 0x00000000a7100000| 99%| O|  |TAMS 0x00000000a70ffff8, 0x00000000a7000000| Untracked 
| 113|0x00000000a7100000, 0x00000000a7200000, 0x00000000a7200000|100%| O|  |TAMS 0x00000000a7200000, 0x00000000a7100000| Complete 
| 114|0x00000000a7200000, 0x00000000a72ffff8, 0x00000000a7300000| 99%| O|  |TAMS 0x00000000a72ffff8, 0x00000000a7200000| Untracked 
| 115|0x00000000a7300000, 0x00000000a73ffff8, 0x00000000a7400000| 99%| O|  |TAMS 0x00000000a73ffff8, 0x00000000a7300000| Untracked 
| 116|0x00000000a7400000, 0x00000000a74fffd8, 0x00000000a7500000| 99%| O|  |TAMS 0x00000000a74fffd8, 0x00000000a7400000| Untracked 
| 117|0x00000000a7500000, 0x00000000a75ffff0, 0x00000000a7600000| 99%| O|  |TAMS 0x00000000a75ffff0, 0x00000000a7500000| Untracked 
| 118|0x00000000a7600000, 0x00000000a7700000, 0x00000000a7700000|100%| O|  |TAMS 0x00000000a7700000, 0x00000000a7600000| Untracked 
| 119|0x00000000a7700000, 0x00000000a77f58a0, 0x00000000a7800000| 95%| O|  |TAMS 0x00000000a77f58a0, 0x00000000a7700000| Untracked 
| 120|0x00000000a7800000, 0x00000000a78fff58, 0x00000000a7900000| 99%| O|  |TAMS 0x00000000a78fff58, 0x00000000a7800000| Untracked 
| 121|0x00000000a7900000, 0x00000000a79fffd8, 0x00000000a7a00000| 99%| O|  |TAMS 0x00000000a79fffd8, 0x00000000a7900000| Untracked 
| 122|0x00000000a7a00000, 0x00000000a7afffe0, 0x00000000a7b00000| 99%| O|  |TAMS 0x00000000a7afffe0, 0x00000000a7a00000| Untracked 
| 123|0x00000000a7b00000, 0x00000000a7c00000, 0x00000000a7c00000|100%| O|  |TAMS 0x00000000a7c00000, 0x00000000a7b00000| Untracked 
| 124|0x00000000a7c00000, 0x00000000a7cffff8, 0x00000000a7d00000| 99%| O|  |TAMS 0x00000000a7cffff8, 0x00000000a7c00000| Untracked 
| 125|0x00000000a7d00000, 0x00000000a7dfffe8, 0x00000000a7e00000| 99%| O|  |TAMS 0x00000000a7dfffe8, 0x00000000a7d00000| Untracked 
| 126|0x00000000a7e00000, 0x00000000a7effff0, 0x00000000a7f00000| 99%| O|  |TAMS 0x00000000a7effff0, 0x00000000a7e00000| Untracked 
| 127|0x00000000a7f00000, 0x00000000a7fffff8, 0x00000000a8000000| 99%| O|  |TAMS 0x00000000a7fffff8, 0x00000000a7f00000| Untracked 
| 128|0x00000000a8000000, 0x00000000a80fffc0, 0x00000000a8100000| 99%| O|  |TAMS 0x00000000a80fffc0, 0x00000000a8000000| Untracked 
| 129|0x00000000a8100000, 0x00000000a8200000, 0x00000000a8200000|100%| O|  |TAMS 0x00000000a8200000, 0x00000000a8100000| Complete 
| 130|0x00000000a8200000, 0x00000000a82ffff0, 0x00000000a8300000| 99%| O|  |TAMS 0x00000000a82ffff0, 0x00000000a8200000| Untracked 
| 131|0x00000000a8300000, 0x00000000a8400000, 0x00000000a8400000|100%| O|  |TAMS 0x00000000a8400000, 0x00000000a8300000| Complete 
| 132|0x00000000a8400000, 0x00000000a8500000, 0x00000000a8500000|100%|HS|  |TAMS 0x00000000a8500000, 0x00000000a8400000| Complete 
| 133|0x00000000a8500000, 0x00000000a85ed228, 0x00000000a8600000| 92%| O|  |TAMS 0x00000000a85ed228, 0x00000000a8500000| Untracked 
| 134|0x00000000a8600000, 0x00000000a8700000, 0x00000000a8700000|100%| O|  |TAMS 0x00000000a8700000, 0x00000000a8600000| Untracked 
| 135|0x00000000a8700000, 0x00000000a87ffff8, 0x00000000a8800000| 99%| O|  |TAMS 0x00000000a87ffff8, 0x00000000a8700000| Untracked 
| 136|0x00000000a8800000, 0x00000000a8900000, 0x00000000a8900000|100%| O|  |TAMS 0x00000000a8900000, 0x00000000a8800000| Untracked 
| 137|0x00000000a8900000, 0x00000000a89fffa0, 0x00000000a8a00000| 99%| O|  |TAMS 0x00000000a89fffa0, 0x00000000a8900000| Untracked 
| 138|0x00000000a8a00000, 0x00000000a8affff8, 0x00000000a8b00000| 99%| O|  |TAMS 0x00000000a8affff8, 0x00000000a8a00000| Untracked 
| 139|0x00000000a8b00000, 0x00000000a8bfffc0, 0x00000000a8c00000| 99%| O|  |TAMS 0x00000000a8bfffc0, 0x00000000a8b00000| Untracked 
| 140|0x00000000a8c00000, 0x00000000a8cffff0, 0x00000000a8d00000| 99%| O|  |TAMS 0x00000000a8cffff0, 0x00000000a8c00000| Untracked 
| 141|0x00000000a8d00000, 0x00000000a8dffff8, 0x00000000a8e00000| 99%| O|  |TAMS 0x00000000a8dffff8, 0x00000000a8d00000| Untracked 
| 142|0x00000000a8e00000, 0x00000000a8f00000, 0x00000000a8f00000|100%| O|  |TAMS 0x00000000a8f00000, 0x00000000a8e00000| Complete 
| 143|0x00000000a8f00000, 0x00000000a9000000, 0x00000000a9000000|100%| O|  |TAMS 0x00000000a9000000, 0x00000000a8f00000| Untracked 
| 144|0x00000000a9000000, 0x00000000a9100000, 0x00000000a9100000|100%| O|  |TAMS 0x00000000a9100000, 0x00000000a9000000| Untracked 
| 145|0x00000000a9100000, 0x00000000a9200000, 0x00000000a9200000|100%| O|  |TAMS 0x00000000a9200000, 0x00000000a9100000| Untracked 
| 146|0x00000000a9200000, 0x00000000a92fff88, 0x00000000a9300000| 99%| O|  |TAMS 0x00000000a92fff88, 0x00000000a9200000| Untracked 
| 147|0x00000000a9300000, 0x00000000a93fff60, 0x00000000a9400000| 99%| O|  |TAMS 0x00000000a93fff60, 0x00000000a9300000| Untracked 
| 148|0x00000000a9400000, 0x00000000a94ffff8, 0x00000000a9500000| 99%| O|  |TAMS 0x00000000a94ffff8, 0x00000000a9400000| Untracked 
| 149|0x00000000a9500000, 0x00000000a95fff88, 0x00000000a9600000| 99%| O|  |TAMS 0x00000000a95fff88, 0x00000000a9500000| Untracked 
| 150|0x00000000a9600000, 0x00000000a9700000, 0x00000000a9700000|100%| O|  |TAMS 0x00000000a9700000, 0x00000000a9600000| Untracked 
| 151|0x00000000a9700000, 0x00000000a97eb438, 0x00000000a9800000| 91%| O|  |TAMS 0x00000000a97eb438, 0x00000000a9700000| Untracked 
| 152|0x00000000a9800000, 0x00000000a9900000, 0x00000000a9900000|100%| O|  |TAMS 0x00000000a9900000, 0x00000000a9800000| Untracked 
| 153|0x00000000a9900000, 0x00000000a9a00000, 0x00000000a9a00000|100%| O|  |TAMS 0x00000000a9a00000, 0x00000000a9900000| Untracked 
| 154|0x00000000a9a00000, 0x00000000a9afff38, 0x00000000a9b00000| 99%| O|  |TAMS 0x00000000a9afff38, 0x00000000a9a00000| Untracked 
| 155|0x00000000a9b00000, 0x00000000a9bffff0, 0x00000000a9c00000| 99%| O|  |TAMS 0x00000000a9bffff0, 0x00000000a9b00000| Untracked 
| 156|0x00000000a9c00000, 0x00000000a9cfffd0, 0x00000000a9d00000| 99%| O|  |TAMS 0x00000000a9cfffd0, 0x00000000a9c00000| Untracked 
| 157|0x00000000a9d00000, 0x00000000a9dfffd0, 0x00000000a9e00000| 99%| O|  |TAMS 0x00000000a9dfffd0, 0x00000000a9d00000| Untracked 
| 158|0x00000000a9e00000, 0x00000000a9f00000, 0x00000000a9f00000|100%| O|  |TAMS 0x00000000a9f00000, 0x00000000a9e00000| Complete 
| 159|0x00000000a9f00000, 0x00000000a9fffff8, 0x00000000aa000000| 99%| O|  |TAMS 0x00000000a9fffff8, 0x00000000a9f00000| Untracked 
| 160|0x00000000aa000000, 0x00000000aa0ffff8, 0x00000000aa100000| 99%| O|  |TAMS 0x00000000aa0ffff8, 0x00000000aa000000| Untracked 
| 161|0x00000000aa100000, 0x00000000aa200000, 0x00000000aa200000|100%| O|  |TAMS 0x00000000aa200000, 0x00000000aa100000| Untracked 
| 162|0x00000000aa200000, 0x00000000aa300000, 0x00000000aa300000|100%| O|  |TAMS 0x00000000aa300000, 0x00000000aa200000| Untracked 
| 163|0x00000000aa300000, 0x00000000aa3f6828, 0x00000000aa400000| 96%| O|  |TAMS 0x00000000aa3f6828, 0x00000000aa300000| Untracked 
| 164|0x00000000aa400000, 0x00000000aa4fffc8, 0x00000000aa500000| 99%| O|  |TAMS 0x00000000aa4fffc8, 0x00000000aa400000| Untracked 
| 165|0x00000000aa500000, 0x00000000aa5ffff8, 0x00000000aa600000| 99%| O|  |TAMS 0x00000000aa5ffff8, 0x00000000aa500000| Untracked 
| 166|0x00000000aa600000, 0x00000000aa6e1b88, 0x00000000aa700000| 88%| O|  |TAMS 0x00000000aa6e1b88, 0x00000000aa600000| Untracked 
| 167|0x00000000aa700000, 0x00000000aa800000, 0x00000000aa800000|100%| O|  |TAMS 0x00000000aa800000, 0x00000000aa700000| Untracked 
| 168|0x00000000aa800000, 0x00000000aa900000, 0x00000000aa900000|100%| O|  |TAMS 0x00000000aa900000, 0x00000000aa800000| Complete 
| 169|0x00000000aa900000, 0x00000000aaa00000, 0x00000000aaa00000|100%| O|  |TAMS 0x00000000aaa00000, 0x00000000aa900000| Complete 
| 170|0x00000000aaa00000, 0x00000000aab00000, 0x00000000aab00000|100%| O|  |TAMS 0x00000000aab00000, 0x00000000aaa00000| Complete 
| 171|0x00000000aab00000, 0x00000000aac00000, 0x00000000aac00000|100%|HS|  |TAMS 0x00000000aac00000, 0x00000000aab00000| Complete 
| 172|0x00000000aac00000, 0x00000000aacfff98, 0x00000000aad00000| 99%| O|  |TAMS 0x00000000aacfff98, 0x00000000aac00000| Untracked 
| 173|0x00000000aad00000, 0x00000000aae00000, 0x00000000aae00000|100%|HS|  |TAMS 0x00000000aad00000, 0x00000000aad00000| Complete 
| 174|0x00000000aae00000, 0x00000000aaf00000, 0x00000000aaf00000|100%| O|  |TAMS 0x00000000aaf00000, 0x00000000aae00000| Untracked 
| 175|0x00000000aaf00000, 0x00000000ab000000, 0x00000000ab000000|100%|HS|  |TAMS 0x00000000ab000000, 0x00000000aaf00000| Complete 
| 176|0x00000000ab000000, 0x00000000ab100000, 0x00000000ab100000|100%| O|  |TAMS 0x00000000ab100000, 0x00000000ab000000| Untracked 
| 177|0x00000000ab100000, 0x00000000ab200000, 0x00000000ab200000|100%| O|  |TAMS 0x00000000ab200000, 0x00000000ab100000| Untracked 
| 178|0x00000000ab200000, 0x00000000ab2fffd0, 0x00000000ab300000| 99%| O|  |TAMS 0x00000000ab2fffd0, 0x00000000ab200000| Untracked 
| 179|0x00000000ab300000, 0x00000000ab400000, 0x00000000ab400000|100%| O|  |TAMS 0x00000000ab400000, 0x00000000ab300000| Untracked 
| 180|0x00000000ab400000, 0x00000000ab500000, 0x00000000ab500000|100%|HS|  |TAMS 0x00000000ab400000, 0x00000000ab400000| Complete 
| 181|0x00000000ab500000, 0x00000000ab600000, 0x00000000ab600000|100%|HS|  |TAMS 0x00000000ab500000, 0x00000000ab500000| Complete 
| 182|0x00000000ab600000, 0x00000000ab6ffff0, 0x00000000ab700000| 99%| O|  |TAMS 0x00000000ab6ffff0, 0x00000000ab600000| Untracked 
| 183|0x00000000ab700000, 0x00000000ab800000, 0x00000000ab800000|100%| O|  |TAMS 0x00000000ab800000, 0x00000000ab700000| Untracked 
| 184|0x00000000ab800000, 0x00000000ab900000, 0x00000000ab900000|100%|HS|  |TAMS 0x00000000ab800000, 0x00000000ab800000| Complete 
| 185|0x00000000ab900000, 0x00000000aba00000, 0x00000000aba00000|100%| O|  |TAMS 0x00000000aba00000, 0x00000000ab900000| Untracked 
| 186|0x00000000aba00000, 0x00000000abb00000, 0x00000000abb00000|100%| O|  |TAMS 0x00000000abb00000, 0x00000000aba00000| Untracked 
| 187|0x00000000abb00000, 0x00000000abc00000, 0x00000000abc00000|100%| O|  |TAMS 0x00000000abc00000, 0x00000000abb00000| Complete 
| 188|0x00000000abc00000, 0x00000000abd00000, 0x00000000abd00000|100%| O|  |TAMS 0x00000000abd00000, 0x00000000abc00000| Complete 
| 189|0x00000000abd00000, 0x00000000abe00000, 0x00000000abe00000|100%| O|  |TAMS 0x00000000abe00000, 0x00000000abd00000| Untracked 
| 190|0x00000000abe00000, 0x00000000abf00000, 0x00000000abf00000|100%| O|  |TAMS 0x00000000abf00000, 0x00000000abe00000| Untracked 
| 191|0x00000000abf00000, 0x00000000ac000000, 0x00000000ac000000|100%| O|  |TAMS 0x00000000ac000000, 0x00000000abf00000| Untracked 
| 192|0x00000000ac000000, 0x00000000ac100000, 0x00000000ac100000|100%| O|  |TAMS 0x00000000ac100000, 0x00000000ac000000| Untracked 
| 193|0x00000000ac100000, 0x00000000ac200000, 0x00000000ac200000|100%| O|  |TAMS 0x00000000ac200000, 0x00000000ac100000| Untracked 
| 194|0x00000000ac200000, 0x00000000ac2fffe0, 0x00000000ac300000| 99%| O|  |TAMS 0x00000000ac2fffe0, 0x00000000ac200000| Untracked 
| 195|0x00000000ac300000, 0x00000000ac3ffff0, 0x00000000ac400000| 99%| O|  |TAMS 0x00000000ac3ffff0, 0x00000000ac300000| Untracked 
| 196|0x00000000ac400000, 0x00000000ac500000, 0x00000000ac500000|100%| O|  |TAMS 0x00000000ac500000, 0x00000000ac400000| Untracked 
| 197|0x00000000ac500000, 0x00000000ac600000, 0x00000000ac600000|100%| O|  |TAMS 0x00000000ac600000, 0x00000000ac500000| Untracked 
| 198|0x00000000ac600000, 0x00000000ac700000, 0x00000000ac700000|100%| O|  |TAMS 0x00000000ac700000, 0x00000000ac600000| Complete 
| 199|0x00000000ac700000, 0x00000000ac800000, 0x00000000ac800000|100%| O|  |TAMS 0x00000000ac800000, 0x00000000ac700000| Complete 
| 200|0x00000000ac800000, 0x00000000ac900000, 0x00000000ac900000|100%|HS|  |TAMS 0x00000000ac900000, 0x00000000ac800000| Complete 
| 201|0x00000000ac900000, 0x00000000aca00000, 0x00000000aca00000|100%|HC|  |TAMS 0x00000000aca00000, 0x00000000ac900000| Complete 
| 202|0x00000000aca00000, 0x00000000acb00000, 0x00000000acb00000|100%|HC|  |TAMS 0x00000000acb00000, 0x00000000aca00000| Complete 
| 203|0x00000000acb00000, 0x00000000acc00000, 0x00000000acc00000|100%|HC|  |TAMS 0x00000000acc00000, 0x00000000acb00000| Complete 
| 204|0x00000000acc00000, 0x00000000acd00000, 0x00000000acd00000|100%| O|  |TAMS 0x00000000acd00000, 0x00000000acc00000| Complete 
| 205|0x00000000acd00000, 0x00000000ace00000, 0x00000000ace00000|100%| O|  |TAMS 0x00000000ace00000, 0x00000000acd00000| Untracked 
| 206|0x00000000ace00000, 0x00000000acf00000, 0x00000000acf00000|100%| O|  |TAMS 0x00000000acf00000, 0x00000000ace00000| Untracked 
| 207|0x00000000acf00000, 0x00000000ad000000, 0x00000000ad000000|100%| O|  |TAMS 0x00000000ad000000, 0x00000000acf00000| Untracked 
| 208|0x00000000ad000000, 0x00000000ad100000, 0x00000000ad100000|100%| O|  |TAMS 0x00000000ad100000, 0x00000000ad000000| Untracked 
| 209|0x00000000ad100000, 0x00000000ad200000, 0x00000000ad200000|100%| O|  |TAMS 0x00000000ad200000, 0x00000000ad100000| Untracked 
| 210|0x00000000ad200000, 0x00000000ad300000, 0x00000000ad300000|100%| O|  |TAMS 0x00000000ad300000, 0x00000000ad200000| Complete 
| 211|0x00000000ad300000, 0x00000000ad400000, 0x00000000ad400000|100%|HS|  |TAMS 0x00000000ad300000, 0x00000000ad300000| Complete 
| 212|0x00000000ad400000, 0x00000000ad500000, 0x00000000ad500000|100%| O|  |TAMS 0x00000000ad500000, 0x00000000ad400000| Untracked 
| 213|0x00000000ad500000, 0x00000000ad600000, 0x00000000ad600000|100%| O|  |TAMS 0x00000000ad600000, 0x00000000ad500000| Complete 
| 214|0x00000000ad600000, 0x00000000ad700000, 0x00000000ad700000|100%| O|  |TAMS 0x00000000ad700000, 0x00000000ad600000| Untracked 
| 215|0x00000000ad700000, 0x00000000ad800000, 0x00000000ad800000|100%| O|  |TAMS 0x00000000ad800000, 0x00000000ad700000| Complete 
| 216|0x00000000ad800000, 0x00000000ad900000, 0x00000000ad900000|100%| O|  |TAMS 0x00000000ad900000, 0x00000000ad800000| Untracked 
| 217|0x00000000ad900000, 0x00000000ad900000, 0x00000000ada00000|  0%| F|  |TAMS 0x00000000ad900000, 0x00000000ad900000| Untracked 
| 218|0x00000000ada00000, 0x00000000adb00000, 0x00000000adb00000|100%| O|  |TAMS 0x00000000adb00000, 0x00000000ada00000| Untracked 
| 219|0x00000000adb00000, 0x00000000adb00000, 0x00000000adc00000|  0%| F|  |TAMS 0x00000000adb00000, 0x00000000adb00000| Untracked 
| 220|0x00000000adc00000, 0x00000000add00000, 0x00000000add00000|100%| O|  |TAMS 0x00000000add00000, 0x00000000adc00000| Complete 
| 221|0x00000000add00000, 0x00000000add00000, 0x00000000ade00000|  0%| F|  |TAMS 0x00000000add00000, 0x00000000add00000| Untracked 
| 222|0x00000000ade00000, 0x00000000adf00000, 0x00000000adf00000|100%| O|  |TAMS 0x00000000adf00000, 0x00000000ade00000| Untracked 
| 223|0x00000000adf00000, 0x00000000ae000000, 0x00000000ae000000|100%| O|  |TAMS 0x00000000ae000000, 0x00000000adf00000| Complete 
| 224|0x00000000ae000000, 0x00000000ae100000, 0x00000000ae100000|100%| O|  |TAMS 0x00000000ae100000, 0x00000000ae000000| Untracked 
| 225|0x00000000ae100000, 0x00000000ae200000, 0x00000000ae200000|100%| O|  |TAMS 0x00000000ae200000, 0x00000000ae100000| Complete 
| 226|0x00000000ae200000, 0x00000000ae300000, 0x00000000ae300000|100%| O|  |TAMS 0x00000000ae300000, 0x00000000ae200000| Complete 
| 227|0x00000000ae300000, 0x00000000ae400000, 0x00000000ae400000|100%| O|  |TAMS 0x00000000ae400000, 0x00000000ae300000| Untracked 
| 228|0x00000000ae400000, 0x00000000ae500000, 0x00000000ae500000|100%| O|  |TAMS 0x00000000ae500000, 0x00000000ae400000| Complete 
| 229|0x00000000ae500000, 0x00000000ae600000, 0x00000000ae600000|100%| O|  |TAMS 0x00000000ae600000, 0x00000000ae500000| Untracked 
| 230|0x00000000ae600000, 0x00000000ae700000, 0x00000000ae700000|100%| O|  |TAMS 0x00000000ae700000, 0x00000000ae600000| Complete 
| 231|0x00000000ae700000, 0x00000000ae7f3d98, 0x00000000ae800000| 95%| O|  |TAMS 0x00000000ae7f3d98, 0x00000000ae700000| Untracked 
| 232|0x00000000ae800000, 0x00000000ae900000, 0x00000000ae900000|100%| O|  |TAMS 0x00000000ae900000, 0x00000000ae800000| Untracked 
| 233|0x00000000ae900000, 0x00000000aea00000, 0x00000000aea00000|100%| O|  |TAMS 0x00000000aea00000, 0x00000000ae900000| Untracked 
| 234|0x00000000aea00000, 0x00000000aeb00000, 0x00000000aeb00000|100%| O|  |TAMS 0x00000000aeb00000, 0x00000000aea00000| Untracked 
| 235|0x00000000aeb00000, 0x00000000aec00000, 0x00000000aec00000|100%| O|  |TAMS 0x00000000aec00000, 0x00000000aeb00000| Untracked 
| 236|0x00000000aec00000, 0x00000000aed00000, 0x00000000aed00000|100%| O|  |TAMS 0x00000000aed00000, 0x00000000aec00000| Complete 
| 237|0x00000000aed00000, 0x00000000aed00000, 0x00000000aee00000|  0%| F|  |TAMS 0x00000000aed00000, 0x00000000aed00000| Untracked 
| 238|0x00000000aee00000, 0x00000000aef00000, 0x00000000aef00000|100%| O|  |TAMS 0x00000000aef00000, 0x00000000aee00000| Untracked 
| 239|0x00000000aef00000, 0x00000000af000000, 0x00000000af000000|100%| O|  |TAMS 0x00000000af000000, 0x00000000aef00000| Untracked 
| 240|0x00000000af000000, 0x00000000af100000, 0x00000000af100000|100%| O|  |TAMS 0x00000000af100000, 0x00000000af000000| Untracked 
| 241|0x00000000af100000, 0x00000000af200000, 0x00000000af200000|100%| O|  |TAMS 0x00000000af200000, 0x00000000af100000| Untracked 
| 242|0x00000000af200000, 0x00000000af300000, 0x00000000af300000|100%| O|  |TAMS 0x00000000af300000, 0x00000000af200000| Untracked 
| 243|0x00000000af300000, 0x00000000af400000, 0x00000000af400000|100%| O|  |TAMS 0x00000000af400000, 0x00000000af300000| Complete 
| 244|0x00000000af400000, 0x00000000af500000, 0x00000000af500000|100%| O|  |TAMS 0x00000000af500000, 0x00000000af400000| Untracked 
| 245|0x00000000af500000, 0x00000000af5d1d30, 0x00000000af600000| 81%| O|  |TAMS 0x00000000af5d1d30, 0x00000000af500000| Untracked 
| 246|0x00000000af600000, 0x00000000af700000, 0x00000000af700000|100%| O|  |TAMS 0x00000000af700000, 0x00000000af600000| Complete 
| 247|0x00000000af700000, 0x00000000af800000, 0x00000000af800000|100%| O|  |TAMS 0x00000000af800000, 0x00000000af700000| Untracked 
| 248|0x00000000af800000, 0x00000000af900000, 0x00000000af900000|100%| O|  |TAMS 0x00000000af900000, 0x00000000af800000| Untracked 
| 249|0x00000000af900000, 0x00000000afa00000, 0x00000000afa00000|100%| O|  |TAMS 0x00000000afa00000, 0x00000000af900000| Complete 
| 250|0x00000000afa00000, 0x00000000afb00000, 0x00000000afb00000|100%| O|  |TAMS 0x00000000afb00000, 0x00000000afa00000| Untracked 
| 251|0x00000000afb00000, 0x00000000afc00000, 0x00000000afc00000|100%| O|  |TAMS 0x00000000afc00000, 0x00000000afb00000| Untracked 
| 252|0x00000000afc00000, 0x00000000afd00000, 0x00000000afd00000|100%| O|  |TAMS 0x00000000afd00000, 0x00000000afc00000| Untracked 
| 253|0x00000000afd00000, 0x00000000afe00000, 0x00000000afe00000|100%| O|  |TAMS 0x00000000afe00000, 0x00000000afd00000| Untracked 
| 254|0x00000000afe00000, 0x00000000aff00000, 0x00000000aff00000|100%| O|  |TAMS 0x00000000aff00000, 0x00000000afe00000| Untracked 
| 255|0x00000000aff00000, 0x00000000b0000000, 0x00000000b0000000|100%| O|  |TAMS 0x00000000b0000000, 0x00000000aff00000| Complete 
| 256|0x00000000b0000000, 0x00000000b0100000, 0x00000000b0100000|100%| O|  |TAMS 0x00000000b0100000, 0x00000000b0000000| Complete 
| 257|0x00000000b0100000, 0x00000000b0200000, 0x00000000b0200000|100%| O|  |TAMS 0x00000000b0200000, 0x00000000b0100000| Complete 
| 258|0x00000000b0200000, 0x00000000b0300000, 0x00000000b0300000|100%| O|  |TAMS 0x00000000b0300000, 0x00000000b0200000| Untracked 
| 259|0x00000000b0300000, 0x00000000b0400000, 0x00000000b0400000|100%| O|  |TAMS 0x00000000b0400000, 0x00000000b0300000| Untracked 
| 260|0x00000000b0400000, 0x00000000b0500000, 0x00000000b0500000|100%| O|  |TAMS 0x00000000b0500000, 0x00000000b0400000| Untracked 
| 261|0x00000000b0500000, 0x00000000b0600000, 0x00000000b0600000|100%| O|  |TAMS 0x00000000b0600000, 0x00000000b0500000| Untracked 
| 262|0x00000000b0600000, 0x00000000b0664800, 0x00000000b0700000| 39%| O|  |TAMS 0x00000000b0664800, 0x00000000b0600000| Untracked 
| 263|0x00000000b0700000, 0x00000000b0700000, 0x00000000b0800000|  0%| F|  |TAMS 0x00000000b0700000, 0x00000000b0700000| Untracked 
| 264|0x00000000b0800000, 0x00000000b0800000, 0x00000000b0900000|  0%| F|  |TAMS 0x00000000b0800000, 0x00000000b0800000| Untracked 
| 265|0x00000000b0900000, 0x00000000b0900000, 0x00000000b0a00000|  0%| F|  |TAMS 0x00000000b0900000, 0x00000000b0900000| Untracked 
| 266|0x00000000b0a00000, 0x00000000b0a00000, 0x00000000b0b00000|  0%| F|  |TAMS 0x00000000b0a00000, 0x00000000b0a00000| Untracked 
| 267|0x00000000b0b00000, 0x00000000b0b00000, 0x00000000b0c00000|  0%| F|  |TAMS 0x00000000b0b00000, 0x00000000b0b00000| Untracked 
| 268|0x00000000b0c00000, 0x00000000b0c00000, 0x00000000b0d00000|  0%| F|  |TAMS 0x00000000b0c00000, 0x00000000b0c00000| Untracked 
| 269|0x00000000b0d00000, 0x00000000b0d00000, 0x00000000b0e00000|  0%| F|  |TAMS 0x00000000b0d00000, 0x00000000b0d00000| Untracked 
| 270|0x00000000b0e00000, 0x00000000b0e00000, 0x00000000b0f00000|  0%| F|  |TAMS 0x00000000b0e00000, 0x00000000b0e00000| Untracked 
| 271|0x00000000b0f00000, 0x00000000b0f00000, 0x00000000b1000000|  0%| F|  |TAMS 0x00000000b0f00000, 0x00000000b0f00000| Untracked 
| 272|0x00000000b1000000, 0x00000000b1000000, 0x00000000b1100000|  0%| F|  |TAMS 0x00000000b1000000, 0x00000000b1000000| Untracked 
| 273|0x00000000b1100000, 0x00000000b1100000, 0x00000000b1200000|  0%| F|  |TAMS 0x00000000b1100000, 0x00000000b1100000| Untracked 
| 274|0x00000000b1200000, 0x00000000b1200000, 0x00000000b1300000|  0%| F|  |TAMS 0x00000000b1200000, 0x00000000b1200000| Untracked 
| 275|0x00000000b1300000, 0x00000000b1300000, 0x00000000b1400000|  0%| F|  |TAMS 0x00000000b1300000, 0x00000000b1300000| Untracked 
| 276|0x00000000b1400000, 0x00000000b1500000, 0x00000000b1500000|100%| O|  |TAMS 0x00000000b1500000, 0x00000000b1400000| Complete 
| 277|0x00000000b1500000, 0x00000000b1500000, 0x00000000b1600000|  0%| F|  |TAMS 0x00000000b1500000, 0x00000000b1500000| Untracked 
| 278|0x00000000b1600000, 0x00000000b1600000, 0x00000000b1700000|  0%| F|  |TAMS 0x00000000b1600000, 0x00000000b1600000| Untracked 
| 279|0x00000000b1700000, 0x00000000b1700000, 0x00000000b1800000|  0%| F|  |TAMS 0x00000000b1700000, 0x00000000b1700000| Untracked 
| 280|0x00000000b1800000, 0x00000000b1800000, 0x00000000b1900000|  0%| F|  |TAMS 0x00000000b1800000, 0x00000000b1800000| Untracked 
| 281|0x00000000b1900000, 0x00000000b1900000, 0x00000000b1a00000|  0%| F|  |TAMS 0x00000000b1900000, 0x00000000b1900000| Untracked 
| 282|0x00000000b1a00000, 0x00000000b1b00000, 0x00000000b1b00000|100%| O|  |TAMS 0x00000000b1b00000, 0x00000000b1a00000| Untracked 
| 283|0x00000000b1b00000, 0x00000000b1b00000, 0x00000000b1c00000|  0%| F|  |TAMS 0x00000000b1b00000, 0x00000000b1b00000| Untracked 
| 284|0x00000000b1c00000, 0x00000000b1d00000, 0x00000000b1d00000|100%| O|  |TAMS 0x00000000b1d00000, 0x00000000b1c00000| Complete 
| 285|0x00000000b1d00000, 0x00000000b1e00000, 0x00000000b1e00000|100%| O|  |TAMS 0x00000000b1e00000, 0x00000000b1d00000| Untracked 
| 286|0x00000000b1e00000, 0x00000000b1e00000, 0x00000000b1f00000|  0%| F|  |TAMS 0x00000000b1e00000, 0x00000000b1e00000| Untracked 
| 287|0x00000000b1f00000, 0x00000000b2000000, 0x00000000b2000000|100%| O|  |TAMS 0x00000000b2000000, 0x00000000b1f00000| Complete 
| 288|0x00000000b2000000, 0x00000000b2100000, 0x00000000b2100000|100%| O|  |TAMS 0x00000000b2100000, 0x00000000b2000000| Complete 
| 289|0x00000000b2100000, 0x00000000b2200000, 0x00000000b2200000|100%| O|  |TAMS 0x00000000b2200000, 0x00000000b2100000| Untracked 
| 290|0x00000000b2200000, 0x00000000b2300000, 0x00000000b2300000|100%| O|  |TAMS 0x00000000b2300000, 0x00000000b2200000| Complete 
| 291|0x00000000b2300000, 0x00000000b2400000, 0x00000000b2400000|100%| O|  |TAMS 0x00000000b2400000, 0x00000000b2300000| Complete 
| 292|0x00000000b2400000, 0x00000000b2500000, 0x00000000b2500000|100%| O|  |TAMS 0x00000000b2500000, 0x00000000b2400000| Complete 
| 293|0x00000000b2500000, 0x00000000b2500000, 0x00000000b2600000|  0%| F|  |TAMS 0x00000000b2500000, 0x00000000b2500000| Untracked 
| 294|0x00000000b2600000, 0x00000000b2700000, 0x00000000b2700000|100%| O|  |TAMS 0x00000000b2700000, 0x00000000b2600000| Complete 
| 295|0x00000000b2700000, 0x00000000b2700000, 0x00000000b2800000|  0%| F|  |TAMS 0x00000000b2700000, 0x00000000b2700000| Untracked 
| 296|0x00000000b2800000, 0x00000000b2800000, 0x00000000b2900000|  0%| F|  |TAMS 0x00000000b2800000, 0x00000000b2800000| Untracked 
| 297|0x00000000b2900000, 0x00000000b2900000, 0x00000000b2a00000|  0%| F|  |TAMS 0x00000000b2900000, 0x00000000b2900000| Untracked 
| 298|0x00000000b2a00000, 0x00000000b2a00000, 0x00000000b2b00000|  0%| F|  |TAMS 0x00000000b2a00000, 0x00000000b2a00000| Untracked 
| 299|0x00000000b2b00000, 0x00000000b2c00000, 0x00000000b2c00000|100%| O|  |TAMS 0x00000000b2c00000, 0x00000000b2b00000| Complete 
| 300|0x00000000b2c00000, 0x00000000b2c00000, 0x00000000b2d00000|  0%| F|  |TAMS 0x00000000b2c00000, 0x00000000b2c00000| Untracked 
| 301|0x00000000b2d00000, 0x00000000b2e00000, 0x00000000b2e00000|100%| O|  |TAMS 0x00000000b2e00000, 0x00000000b2d00000| Untracked 
| 302|0x00000000b2e00000, 0x00000000b2f00000, 0x00000000b2f00000|100%| O|  |TAMS 0x00000000b2f00000, 0x00000000b2e00000| Untracked 
| 303|0x00000000b2f00000, 0x00000000b3000000, 0x00000000b3000000|100%| O|  |TAMS 0x00000000b3000000, 0x00000000b2f00000| Untracked 
| 304|0x00000000b3000000, 0x00000000b3000000, 0x00000000b3100000|  0%| F|  |TAMS 0x00000000b3000000, 0x00000000b3000000| Untracked 
| 305|0x00000000b3100000, 0x00000000b3200000, 0x00000000b3200000|100%| O|  |TAMS 0x00000000b3200000, 0x00000000b3100000| Untracked 
| 306|0x00000000b3200000, 0x00000000b3300000, 0x00000000b3300000|100%| O|  |TAMS 0x00000000b3300000, 0x00000000b3200000| Complete 
| 307|0x00000000b3300000, 0x00000000b3300000, 0x00000000b3400000|  0%| F|  |TAMS 0x00000000b3300000, 0x00000000b3300000| Untracked 
| 308|0x00000000b3400000, 0x00000000b3400000, 0x00000000b3500000|  0%| F|  |TAMS 0x00000000b3400000, 0x00000000b3400000| Untracked 
| 309|0x00000000b3500000, 0x00000000b3500000, 0x00000000b3600000|  0%| F|  |TAMS 0x00000000b3500000, 0x00000000b3500000| Untracked 
| 310|0x00000000b3600000, 0x00000000b3600000, 0x00000000b3700000|  0%| F|  |TAMS 0x00000000b3600000, 0x00000000b3600000| Untracked 
| 311|0x00000000b3700000, 0x00000000b3800000, 0x00000000b3800000|100%| O|  |TAMS 0x00000000b3800000, 0x00000000b3700000| Untracked 
| 312|0x00000000b3800000, 0x00000000b3800000, 0x00000000b3900000|  0%| F|  |TAMS 0x00000000b3800000, 0x00000000b3800000| Untracked 
| 313|0x00000000b3900000, 0x00000000b3900000, 0x00000000b3a00000|  0%| F|  |TAMS 0x00000000b3900000, 0x00000000b3900000| Untracked 
| 314|0x00000000b3a00000, 0x00000000b3b00000, 0x00000000b3b00000|100%| O|  |TAMS 0x00000000b3b00000, 0x00000000b3a00000| Complete 
| 315|0x00000000b3b00000, 0x00000000b3b00000, 0x00000000b3c00000|  0%| F|  |TAMS 0x00000000b3b00000, 0x00000000b3b00000| Untracked 
| 316|0x00000000b3c00000, 0x00000000b3c00000, 0x00000000b3d00000|  0%| F|  |TAMS 0x00000000b3c00000, 0x00000000b3c00000| Untracked 
| 317|0x00000000b3d00000, 0x00000000b3d00000, 0x00000000b3e00000|  0%| F|  |TAMS 0x00000000b3d00000, 0x00000000b3d00000| Untracked 
| 318|0x00000000b3e00000, 0x00000000b3f00000, 0x00000000b3f00000|100%| O|  |TAMS 0x00000000b3f00000, 0x00000000b3e00000| Complete 
| 319|0x00000000b3f00000, 0x00000000b3f00000, 0x00000000b4000000|  0%| F|  |TAMS 0x00000000b3f00000, 0x00000000b3f00000| Untracked 
| 320|0x00000000b4000000, 0x00000000b4100000, 0x00000000b4100000|100%| O|  |TAMS 0x00000000b4100000, 0x00000000b4000000| Complete 
| 321|0x00000000b4100000, 0x00000000b4100000, 0x00000000b4200000|  0%| F|  |TAMS 0x00000000b4100000, 0x00000000b4100000| Untracked 
| 322|0x00000000b4200000, 0x00000000b4200000, 0x00000000b4300000|  0%| F|  |TAMS 0x00000000b4200000, 0x00000000b4200000| Untracked 
| 323|0x00000000b4300000, 0x00000000b4300000, 0x00000000b4400000|  0%| F|  |TAMS 0x00000000b4300000, 0x00000000b4300000| Untracked 
| 324|0x00000000b4400000, 0x00000000b4400000, 0x00000000b4500000|  0%| F|  |TAMS 0x00000000b4400000, 0x00000000b4400000| Untracked 
| 325|0x00000000b4500000, 0x00000000b4500000, 0x00000000b4600000|  0%| F|  |TAMS 0x00000000b4500000, 0x00000000b4500000| Untracked 
| 326|0x00000000b4600000, 0x00000000b4600000, 0x00000000b4700000|  0%| F|  |TAMS 0x00000000b4600000, 0x00000000b4600000| Untracked 
| 327|0x00000000b4700000, 0x00000000b4800000, 0x00000000b4800000|100%|HS|  |TAMS 0x00000000b4800000, 0x00000000b4700000| Complete 
| 328|0x00000000b4800000, 0x00000000b4900000, 0x00000000b4900000|100%|HC|  |TAMS 0x00000000b4900000, 0x00000000b4800000| Complete 
| 329|0x00000000b4900000, 0x00000000b4900000, 0x00000000b4a00000|  0%| F|  |TAMS 0x00000000b4900000, 0x00000000b4900000| Untracked 
| 330|0x00000000b4a00000, 0x00000000b4a00000, 0x00000000b4b00000|  0%| F|  |TAMS 0x00000000b4a00000, 0x00000000b4a00000| Untracked 
| 331|0x00000000b4b00000, 0x00000000b4c00000, 0x00000000b4c00000|100%|HS|  |TAMS 0x00000000b4c00000, 0x00000000b4b00000| Complete 
| 332|0x00000000b4c00000, 0x00000000b4d00000, 0x00000000b4d00000|100%|HC|  |TAMS 0x00000000b4d00000, 0x00000000b4c00000| Complete 
| 333|0x00000000b4d00000, 0x00000000b4e00000, 0x00000000b4e00000|100%|HC|  |TAMS 0x00000000b4e00000, 0x00000000b4d00000| Complete 
| 334|0x00000000b4e00000, 0x00000000b4f00000, 0x00000000b4f00000|100%| O|  |TAMS 0x00000000b4f00000, 0x00000000b4e00000| Untracked 
| 335|0x00000000b4f00000, 0x00000000b5000000, 0x00000000b5000000|100%| O|  |TAMS 0x00000000b5000000, 0x00000000b4f00000| Untracked 
| 336|0x00000000b5000000, 0x00000000b5100000, 0x00000000b5100000|100%| O|  |TAMS 0x00000000b5100000, 0x00000000b5000000| Untracked 
| 337|0x00000000b5100000, 0x00000000b5200000, 0x00000000b5200000|100%| O|  |TAMS 0x00000000b5200000, 0x00000000b5100000| Untracked 
| 338|0x00000000b5200000, 0x00000000b5300000, 0x00000000b5300000|100%| O|  |TAMS 0x00000000b5300000, 0x00000000b5200000| Untracked 
| 339|0x00000000b5300000, 0x00000000b5300000, 0x00000000b5400000|  0%| F|  |TAMS 0x00000000b5300000, 0x00000000b5300000| Untracked 
| 340|0x00000000b5400000, 0x00000000b5400000, 0x00000000b5500000|  0%| F|  |TAMS 0x00000000b5400000, 0x00000000b5400000| Untracked 
| 341|0x00000000b5500000, 0x00000000b5600000, 0x00000000b5600000|100%| O|  |TAMS 0x00000000b5600000, 0x00000000b5500000| Untracked 
| 342|0x00000000b5600000, 0x00000000b5700000, 0x00000000b5700000|100%| O|  |TAMS 0x00000000b5700000, 0x00000000b5600000| Untracked 
| 343|0x00000000b5700000, 0x00000000b5700000, 0x00000000b5800000|  0%| F|  |TAMS 0x00000000b5700000, 0x00000000b5700000| Untracked 
| 344|0x00000000b5800000, 0x00000000b5800000, 0x00000000b5900000|  0%| F|  |TAMS 0x00000000b5800000, 0x00000000b5800000| Untracked 
| 345|0x00000000b5900000, 0x00000000b5900000, 0x00000000b5a00000|  0%| F|  |TAMS 0x00000000b5900000, 0x00000000b5900000| Untracked 
| 346|0x00000000b5a00000, 0x00000000b5a00000, 0x00000000b5b00000|  0%| F|  |TAMS 0x00000000b5a00000, 0x00000000b5a00000| Untracked 
| 347|0x00000000b5b00000, 0x00000000b5b00000, 0x00000000b5c00000|  0%| F|  |TAMS 0x00000000b5b00000, 0x00000000b5b00000| Untracked 
| 348|0x00000000b5c00000, 0x00000000b5d00000, 0x00000000b5d00000|100%| O|  |TAMS 0x00000000b5d00000, 0x00000000b5c00000| Complete 
| 349|0x00000000b5d00000, 0x00000000b5e00000, 0x00000000b5e00000|100%| O|  |TAMS 0x00000000b5e00000, 0x00000000b5d00000| Complete 
| 350|0x00000000b5e00000, 0x00000000b5f00000, 0x00000000b5f00000|100%| O|  |TAMS 0x00000000b5f00000, 0x00000000b5e00000| Complete 
| 351|0x00000000b5f00000, 0x00000000b6000000, 0x00000000b6000000|100%| O|  |TAMS 0x00000000b6000000, 0x00000000b5f00000| Complete 
| 352|0x00000000b6000000, 0x00000000b6100000, 0x00000000b6100000|100%| O|  |TAMS 0x00000000b6100000, 0x00000000b6000000| Complete 
| 353|0x00000000b6100000, 0x00000000b6100000, 0x00000000b6200000|  0%| F|  |TAMS 0x00000000b6100000, 0x00000000b6100000| Untracked 
| 354|0x00000000b6200000, 0x00000000b6300000, 0x00000000b6300000|100%| O|  |TAMS 0x00000000b6300000, 0x00000000b6200000| Complete 
| 355|0x00000000b6300000, 0x00000000b6400000, 0x00000000b6400000|100%| O|  |TAMS 0x00000000b6400000, 0x00000000b6300000| Complete 
| 356|0x00000000b6400000, 0x00000000b6500000, 0x00000000b6500000|100%| O|  |TAMS 0x00000000b6500000, 0x00000000b6400000| Untracked 
| 357|0x00000000b6500000, 0x00000000b6600000, 0x00000000b6600000|100%| O|  |TAMS 0x00000000b6600000, 0x00000000b6500000| Untracked 
| 358|0x00000000b6600000, 0x00000000b6700000, 0x00000000b6700000|100%| O|  |TAMS 0x00000000b6700000, 0x00000000b6600000| Untracked 
| 359|0x00000000b6700000, 0x00000000b6700000, 0x00000000b6800000|  0%| F|  |TAMS 0x00000000b6700000, 0x00000000b6700000| Untracked 
| 360|0x00000000b6800000, 0x00000000b6900000, 0x00000000b6900000|100%| O|  |TAMS 0x00000000b6900000, 0x00000000b6800000| Complete 
| 361|0x00000000b6900000, 0x00000000b6a00000, 0x00000000b6a00000|100%| O|  |TAMS 0x00000000b6a00000, 0x00000000b6900000| Untracked 
| 362|0x00000000b6a00000, 0x00000000b6b00000, 0x00000000b6b00000|100%| O|  |TAMS 0x00000000b6b00000, 0x00000000b6a00000| Untracked 
| 363|0x00000000b6b00000, 0x00000000b6c00000, 0x00000000b6c00000|100%| O|  |TAMS 0x00000000b6c00000, 0x00000000b6b00000| Untracked 
| 364|0x00000000b6c00000, 0x00000000b6d00000, 0x00000000b6d00000|100%| O|  |TAMS 0x00000000b6d00000, 0x00000000b6c00000| Untracked 
| 365|0x00000000b6d00000, 0x00000000b6e00000, 0x00000000b6e00000|100%| O|  |TAMS 0x00000000b6e00000, 0x00000000b6d00000| Untracked 
| 366|0x00000000b6e00000, 0x00000000b6f00000, 0x00000000b6f00000|100%|HS|  |TAMS 0x00000000b6e00000, 0x00000000b6e00000| Complete 
| 367|0x00000000b6f00000, 0x00000000b7000000, 0x00000000b7000000|100%|HC|  |TAMS 0x00000000b6f00000, 0x00000000b6f00000| Complete 
| 368|0x00000000b7000000, 0x00000000b7100000, 0x00000000b7100000|100%|HC|  |TAMS 0x00000000b7000000, 0x00000000b7000000| Complete 
| 369|0x00000000b7100000, 0x00000000b7200000, 0x00000000b7200000|100%|HC|  |TAMS 0x00000000b7100000, 0x00000000b7100000| Complete 
| 370|0x00000000b7200000, 0x00000000b7300000, 0x00000000b7300000|100%|HC|  |TAMS 0x00000000b7200000, 0x00000000b7200000| Complete 
| 371|0x00000000b7300000, 0x00000000b7400000, 0x00000000b7400000|100%|HC|  |TAMS 0x00000000b7300000, 0x00000000b7300000| Complete 
| 372|0x00000000b7400000, 0x00000000b7500000, 0x00000000b7500000|100%|HC|  |TAMS 0x00000000b7400000, 0x00000000b7400000| Complete 
| 373|0x00000000b7500000, 0x00000000b7600000, 0x00000000b7600000|100%|HC|  |TAMS 0x00000000b7500000, 0x00000000b7500000| Complete 
| 374|0x00000000b7600000, 0x00000000b7700000, 0x00000000b7700000|100%|HC|  |TAMS 0x00000000b7600000, 0x00000000b7600000| Complete 
| 375|0x00000000b7700000, 0x00000000b7800000, 0x00000000b7800000|100%|HC|  |TAMS 0x00000000b7700000, 0x00000000b7700000| Complete 
| 376|0x00000000b7800000, 0x00000000b7900000, 0x00000000b7900000|100%|HC|  |TAMS 0x00000000b7800000, 0x00000000b7800000| Complete 
| 377|0x00000000b7900000, 0x00000000b7a00000, 0x00000000b7a00000|100%|HC|  |TAMS 0x00000000b7900000, 0x00000000b7900000| Complete 
| 378|0x00000000b7a00000, 0x00000000b7b00000, 0x00000000b7b00000|100%|HC|  |TAMS 0x00000000b7a00000, 0x00000000b7a00000| Complete 
| 379|0x00000000b7b00000, 0x00000000b7c00000, 0x00000000b7c00000|100%|HC|  |TAMS 0x00000000b7b00000, 0x00000000b7b00000| Complete 
| 380|0x00000000b7c00000, 0x00000000b7d00000, 0x00000000b7d00000|100%|HC|  |TAMS 0x00000000b7c00000, 0x00000000b7c00000| Complete 
| 381|0x00000000b7d00000, 0x00000000b7e00000, 0x00000000b7e00000|100%|HC|  |TAMS 0x00000000b7d00000, 0x00000000b7d00000| Complete 
| 382|0x00000000b7e00000, 0x00000000b7f00000, 0x00000000b7f00000|100%|HC|  |TAMS 0x00000000b7e00000, 0x00000000b7e00000| Complete 
| 383|0x00000000b7f00000, 0x00000000b8000000, 0x00000000b8000000|100%|HC|  |TAMS 0x00000000b7f00000, 0x00000000b7f00000| Complete 
| 384|0x00000000b8000000, 0x00000000b8100000, 0x00000000b8100000|100%|HC|  |TAMS 0x00000000b8000000, 0x00000000b8000000| Complete 
| 385|0x00000000b8100000, 0x00000000b8200000, 0x00000000b8200000|100%|HC|  |TAMS 0x00000000b8100000, 0x00000000b8100000| Complete 
| 386|0x00000000b8200000, 0x00000000b8300000, 0x00000000b8300000|100%|HC|  |TAMS 0x00000000b8200000, 0x00000000b8200000| Complete 
| 387|0x00000000b8300000, 0x00000000b8400000, 0x00000000b8400000|100%|HC|  |TAMS 0x00000000b8300000, 0x00000000b8300000| Complete 
| 388|0x00000000b8400000, 0x00000000b8500000, 0x00000000b8500000|100%|HC|  |TAMS 0x00000000b8400000, 0x00000000b8400000| Complete 
| 389|0x00000000b8500000, 0x00000000b8600000, 0x00000000b8600000|100%|HC|  |TAMS 0x00000000b8500000, 0x00000000b8500000| Complete 
| 390|0x00000000b8600000, 0x00000000b8700000, 0x00000000b8700000|100%|HC|  |TAMS 0x00000000b8600000, 0x00000000b8600000| Complete 
| 391|0x00000000b8700000, 0x00000000b8800000, 0x00000000b8800000|100%|HC|  |TAMS 0x00000000b8700000, 0x00000000b8700000| Complete 
| 392|0x00000000b8800000, 0x00000000b8900000, 0x00000000b8900000|100%|HC|  |TAMS 0x00000000b8800000, 0x00000000b8800000| Complete 
| 393|0x00000000b8900000, 0x00000000b8a00000, 0x00000000b8a00000|100%|HC|  |TAMS 0x00000000b8900000, 0x00000000b8900000| Complete 
| 394|0x00000000b8a00000, 0x00000000b8b00000, 0x00000000b8b00000|100%|HC|  |TAMS 0x00000000b8a00000, 0x00000000b8a00000| Complete 
| 395|0x00000000b8b00000, 0x00000000b8c00000, 0x00000000b8c00000|100%|HC|  |TAMS 0x00000000b8b00000, 0x00000000b8b00000| Complete 
| 396|0x00000000b8c00000, 0x00000000b8d00000, 0x00000000b8d00000|100%|HC|  |TAMS 0x00000000b8c00000, 0x00000000b8c00000| Complete 
| 397|0x00000000b8d00000, 0x00000000b8e00000, 0x00000000b8e00000|100%|HC|  |TAMS 0x00000000b8d00000, 0x00000000b8d00000| Complete 
| 398|0x00000000b8e00000, 0x00000000b8f00000, 0x00000000b8f00000|100%|HC|  |TAMS 0x00000000b8e00000, 0x00000000b8e00000| Complete 
| 399|0x00000000b8f00000, 0x00000000b9000000, 0x00000000b9000000|100%|HC|  |TAMS 0x00000000b8f00000, 0x00000000b8f00000| Complete 
| 400|0x00000000b9000000, 0x00000000b9100000, 0x00000000b9100000|100%|HC|  |TAMS 0x00000000b9000000, 0x00000000b9000000| Complete 
| 401|0x00000000b9100000, 0x00000000b9200000, 0x00000000b9200000|100%|HC|  |TAMS 0x00000000b9100000, 0x00000000b9100000| Complete 
| 402|0x00000000b9200000, 0x00000000b9300000, 0x00000000b9300000|100%|HC|  |TAMS 0x00000000b9200000, 0x00000000b9200000| Complete 
| 403|0x00000000b9300000, 0x00000000b9400000, 0x00000000b9400000|100%|HC|  |TAMS 0x00000000b9300000, 0x00000000b9300000| Complete 
| 404|0x00000000b9400000, 0x00000000b9500000, 0x00000000b9500000|100%|HC|  |TAMS 0x00000000b9400000, 0x00000000b9400000| Complete 
| 405|0x00000000b9500000, 0x00000000b9600000, 0x00000000b9600000|100%|HC|  |TAMS 0x00000000b9500000, 0x00000000b9500000| Complete 
| 406|0x00000000b9600000, 0x00000000b9700000, 0x00000000b9700000|100%|HC|  |TAMS 0x00000000b9600000, 0x00000000b9600000| Complete 
| 407|0x00000000b9700000, 0x00000000b9800000, 0x00000000b9800000|100%|HC|  |TAMS 0x00000000b9700000, 0x00000000b9700000| Complete 
| 408|0x00000000b9800000, 0x00000000b9900000, 0x00000000b9900000|100%|HC|  |TAMS 0x00000000b9800000, 0x00000000b9800000| Complete 
| 409|0x00000000b9900000, 0x00000000b9a00000, 0x00000000b9a00000|100%|HC|  |TAMS 0x00000000b9900000, 0x00000000b9900000| Complete 
| 410|0x00000000b9a00000, 0x00000000b9b00000, 0x00000000b9b00000|100%|HC|  |TAMS 0x00000000b9a00000, 0x00000000b9a00000| Complete 
| 411|0x00000000b9b00000, 0x00000000b9c00000, 0x00000000b9c00000|100%|HC|  |TAMS 0x00000000b9b00000, 0x00000000b9b00000| Complete 
| 412|0x00000000b9c00000, 0x00000000b9d00000, 0x00000000b9d00000|100%|HC|  |TAMS 0x00000000b9c00000, 0x00000000b9c00000| Complete 
| 413|0x00000000b9d00000, 0x00000000b9e00000, 0x00000000b9e00000|100%|HC|  |TAMS 0x00000000b9d00000, 0x00000000b9d00000| Complete 
| 414|0x00000000b9e00000, 0x00000000b9f00000, 0x00000000b9f00000|100%|HC|  |TAMS 0x00000000b9e00000, 0x00000000b9e00000| Complete 
| 415|0x00000000b9f00000, 0x00000000ba000000, 0x00000000ba000000|100%|HC|  |TAMS 0x00000000b9f00000, 0x00000000b9f00000| Complete 
| 416|0x00000000ba000000, 0x00000000ba100000, 0x00000000ba100000|100%|HC|  |TAMS 0x00000000ba000000, 0x00000000ba000000| Complete 
| 417|0x00000000ba100000, 0x00000000ba200000, 0x00000000ba200000|100%|HC|  |TAMS 0x00000000ba100000, 0x00000000ba100000| Complete 
| 418|0x00000000ba200000, 0x00000000ba200000, 0x00000000ba300000|  0%| F|  |TAMS 0x00000000ba200000, 0x00000000ba200000| Untracked 
| 419|0x00000000ba300000, 0x00000000ba300000, 0x00000000ba400000|  0%| F|  |TAMS 0x00000000ba300000, 0x00000000ba300000| Untracked 
| 420|0x00000000ba400000, 0x00000000ba400000, 0x00000000ba500000|  0%| F|  |TAMS 0x00000000ba400000, 0x00000000ba400000| Untracked 
| 421|0x00000000ba500000, 0x00000000ba500000, 0x00000000ba600000|  0%| F|  |TAMS 0x00000000ba500000, 0x00000000ba500000| Untracked 
| 422|0x00000000ba600000, 0x00000000ba600000, 0x00000000ba700000|  0%| F|  |TAMS 0x00000000ba600000, 0x00000000ba600000| Untracked 
| 423|0x00000000ba700000, 0x00000000ba700000, 0x00000000ba800000|  0%| F|  |TAMS 0x00000000ba700000, 0x00000000ba700000| Untracked 
| 424|0x00000000ba800000, 0x00000000ba900000, 0x00000000ba900000|100%| O|  |TAMS 0x00000000ba900000, 0x00000000ba800000| Untracked 
| 425|0x00000000ba900000, 0x00000000baa00000, 0x00000000baa00000|100%|HS|  |TAMS 0x00000000ba900000, 0x00000000ba900000| Complete 
| 426|0x00000000baa00000, 0x00000000bab00000, 0x00000000bab00000|100%|HC|  |TAMS 0x00000000baa00000, 0x00000000baa00000| Complete 
| 427|0x00000000bab00000, 0x00000000bac00000, 0x00000000bac00000|100%|HC|  |TAMS 0x00000000bab00000, 0x00000000bab00000| Complete 
| 428|0x00000000bac00000, 0x00000000bad00000, 0x00000000bad00000|100%|HC|  |TAMS 0x00000000bac00000, 0x00000000bac00000| Complete 
| 429|0x00000000bad00000, 0x00000000bae00000, 0x00000000bae00000|100%|HC|  |TAMS 0x00000000bad00000, 0x00000000bad00000| Complete 
| 430|0x00000000bae00000, 0x00000000baf00000, 0x00000000baf00000|100%|HC|  |TAMS 0x00000000bae00000, 0x00000000bae00000| Complete 
| 431|0x00000000baf00000, 0x00000000bb000000, 0x00000000bb000000|100%|HC|  |TAMS 0x00000000baf00000, 0x00000000baf00000| Complete 
| 432|0x00000000bb000000, 0x00000000bb100000, 0x00000000bb100000|100%|HC|  |TAMS 0x00000000bb000000, 0x00000000bb000000| Complete 
| 433|0x00000000bb100000, 0x00000000bb200000, 0x00000000bb200000|100%|HC|  |TAMS 0x00000000bb100000, 0x00000000bb100000| Complete 
| 434|0x00000000bb200000, 0x00000000bb300000, 0x00000000bb300000|100%|HC|  |TAMS 0x00000000bb200000, 0x00000000bb200000| Complete 
| 435|0x00000000bb300000, 0x00000000bb400000, 0x00000000bb400000|100%|HC|  |TAMS 0x00000000bb300000, 0x00000000bb300000| Complete 
| 436|0x00000000bb400000, 0x00000000bb500000, 0x00000000bb500000|100%|HC|  |TAMS 0x00000000bb400000, 0x00000000bb400000| Complete 
| 437|0x00000000bb500000, 0x00000000bb600000, 0x00000000bb600000|100%|HC|  |TAMS 0x00000000bb500000, 0x00000000bb500000| Complete 
| 438|0x00000000bb600000, 0x00000000bb700000, 0x00000000bb700000|100%|HC|  |TAMS 0x00000000bb600000, 0x00000000bb600000| Complete 
| 439|0x00000000bb700000, 0x00000000bb800000, 0x00000000bb800000|100%|HC|  |TAMS 0x00000000bb700000, 0x00000000bb700000| Complete 
| 440|0x00000000bb800000, 0x00000000bb900000, 0x00000000bb900000|100%|HC|  |TAMS 0x00000000bb800000, 0x00000000bb800000| Complete 
| 441|0x00000000bb900000, 0x00000000bba00000, 0x00000000bba00000|100%|HC|  |TAMS 0x00000000bb900000, 0x00000000bb900000| Complete 
| 442|0x00000000bba00000, 0x00000000bbb00000, 0x00000000bbb00000|100%|HC|  |TAMS 0x00000000bba00000, 0x00000000bba00000| Complete 
| 443|0x00000000bbb00000, 0x00000000bbc00000, 0x00000000bbc00000|100%|HC|  |TAMS 0x00000000bbb00000, 0x00000000bbb00000| Complete 
| 444|0x00000000bbc00000, 0x00000000bbd00000, 0x00000000bbd00000|100%|HC|  |TAMS 0x00000000bbc00000, 0x00000000bbc00000| Complete 
| 445|0x00000000bbd00000, 0x00000000bbe00000, 0x00000000bbe00000|100%|HC|  |TAMS 0x00000000bbd00000, 0x00000000bbd00000| Complete 
| 446|0x00000000bbe00000, 0x00000000bbf00000, 0x00000000bbf00000|100%|HC|  |TAMS 0x00000000bbe00000, 0x00000000bbe00000| Complete 
| 447|0x00000000bbf00000, 0x00000000bc000000, 0x00000000bc000000|100%|HC|  |TAMS 0x00000000bbf00000, 0x00000000bbf00000| Complete 
| 448|0x00000000bc000000, 0x00000000bc100000, 0x00000000bc100000|100%|HC|  |TAMS 0x00000000bc000000, 0x00000000bc000000| Complete 
| 449|0x00000000bc100000, 0x00000000bc200000, 0x00000000bc200000|100%|HC|  |TAMS 0x00000000bc100000, 0x00000000bc100000| Complete 
| 450|0x00000000bc200000, 0x00000000bc300000, 0x00000000bc300000|100%|HC|  |TAMS 0x00000000bc200000, 0x00000000bc200000| Complete 
| 451|0x00000000bc300000, 0x00000000bc400000, 0x00000000bc400000|100%|HC|  |TAMS 0x00000000bc300000, 0x00000000bc300000| Complete 
| 452|0x00000000bc400000, 0x00000000bc500000, 0x00000000bc500000|100%|HC|  |TAMS 0x00000000bc400000, 0x00000000bc400000| Complete 
| 453|0x00000000bc500000, 0x00000000bc600000, 0x00000000bc600000|100%|HC|  |TAMS 0x00000000bc500000, 0x00000000bc500000| Complete 
| 454|0x00000000bc600000, 0x00000000bc700000, 0x00000000bc700000|100%|HC|  |TAMS 0x00000000bc600000, 0x00000000bc600000| Complete 
| 455|0x00000000bc700000, 0x00000000bc800000, 0x00000000bc800000|100%|HC|  |TAMS 0x00000000bc700000, 0x00000000bc700000| Complete 
| 456|0x00000000bc800000, 0x00000000bc900000, 0x00000000bc900000|100%|HC|  |TAMS 0x00000000bc800000, 0x00000000bc800000| Complete 
| 457|0x00000000bc900000, 0x00000000bca00000, 0x00000000bca00000|100%|HC|  |TAMS 0x00000000bc900000, 0x00000000bc900000| Complete 
| 458|0x00000000bca00000, 0x00000000bcb00000, 0x00000000bcb00000|100%|HC|  |TAMS 0x00000000bca00000, 0x00000000bca00000| Complete 
| 459|0x00000000bcb00000, 0x00000000bcc00000, 0x00000000bcc00000|100%|HC|  |TAMS 0x00000000bcb00000, 0x00000000bcb00000| Complete 
| 460|0x00000000bcc00000, 0x00000000bcd00000, 0x00000000bcd00000|100%|HC|  |TAMS 0x00000000bcc00000, 0x00000000bcc00000| Complete 
| 461|0x00000000bcd00000, 0x00000000bce00000, 0x00000000bce00000|100%|HC|  |TAMS 0x00000000bcd00000, 0x00000000bcd00000| Complete 
| 462|0x00000000bce00000, 0x00000000bcf00000, 0x00000000bcf00000|100%|HC|  |TAMS 0x00000000bce00000, 0x00000000bce00000| Complete 
| 463|0x00000000bcf00000, 0x00000000bd000000, 0x00000000bd000000|100%|HC|  |TAMS 0x00000000bcf00000, 0x00000000bcf00000| Complete 
| 464|0x00000000bd000000, 0x00000000bd100000, 0x00000000bd100000|100%|HC|  |TAMS 0x00000000bd000000, 0x00000000bd000000| Complete 
| 465|0x00000000bd100000, 0x00000000bd200000, 0x00000000bd200000|100%|HC|  |TAMS 0x00000000bd100000, 0x00000000bd100000| Complete 
| 466|0x00000000bd200000, 0x00000000bd300000, 0x00000000bd300000|100%|HC|  |TAMS 0x00000000bd200000, 0x00000000bd200000| Complete 
| 467|0x00000000bd300000, 0x00000000bd400000, 0x00000000bd400000|100%|HC|  |TAMS 0x00000000bd300000, 0x00000000bd300000| Complete 
| 468|0x00000000bd400000, 0x00000000bd500000, 0x00000000bd500000|100%|HC|  |TAMS 0x00000000bd400000, 0x00000000bd400000| Complete 
| 469|0x00000000bd500000, 0x00000000bd600000, 0x00000000bd600000|100%|HC|  |TAMS 0x00000000bd500000, 0x00000000bd500000| Complete 
| 470|0x00000000bd600000, 0x00000000bd700000, 0x00000000bd700000|100%|HC|  |TAMS 0x00000000bd600000, 0x00000000bd600000| Complete 
| 471|0x00000000bd700000, 0x00000000bd800000, 0x00000000bd800000|100%|HC|  |TAMS 0x00000000bd700000, 0x00000000bd700000| Complete 
| 472|0x00000000bd800000, 0x00000000bd900000, 0x00000000bd900000|100%|HC|  |TAMS 0x00000000bd800000, 0x00000000bd800000| Complete 
| 473|0x00000000bd900000, 0x00000000bda00000, 0x00000000bda00000|100%|HC|  |TAMS 0x00000000bd900000, 0x00000000bd900000| Complete 
| 474|0x00000000bda00000, 0x00000000bdb00000, 0x00000000bdb00000|100%|HC|  |TAMS 0x00000000bda00000, 0x00000000bda00000| Complete 
| 475|0x00000000bdb00000, 0x00000000bdc00000, 0x00000000bdc00000|100%|HC|  |TAMS 0x00000000bdb00000, 0x00000000bdb00000| Complete 
| 476|0x00000000bdc00000, 0x00000000bdd00000, 0x00000000bdd00000|100%|HC|  |TAMS 0x00000000bdc00000, 0x00000000bdc00000| Complete 
| 477|0x00000000bdd00000, 0x00000000bdd00000, 0x00000000bde00000|  0%| F|  |TAMS 0x00000000bdd00000, 0x00000000bdd00000| Untracked 
| 478|0x00000000bde00000, 0x00000000bde00000, 0x00000000bdf00000|  0%| F|  |TAMS 0x00000000bde00000, 0x00000000bde00000| Untracked 
| 479|0x00000000bdf00000, 0x00000000bdf00000, 0x00000000be000000|  0%| F|  |TAMS 0x00000000bdf00000, 0x00000000bdf00000| Untracked 
| 480|0x00000000be000000, 0x00000000be000000, 0x00000000be100000|  0%| F|  |TAMS 0x00000000be000000, 0x00000000be000000| Untracked 
| 481|0x00000000be100000, 0x00000000be100000, 0x00000000be200000|  0%| F|  |TAMS 0x00000000be100000, 0x00000000be100000| Untracked 
| 482|0x00000000be200000, 0x00000000be200000, 0x00000000be300000|  0%| F|  |TAMS 0x00000000be200000, 0x00000000be200000| Untracked 
| 483|0x00000000be300000, 0x00000000be300000, 0x00000000be400000|  0%| F|  |TAMS 0x00000000be300000, 0x00000000be300000| Untracked 
| 484|0x00000000be400000, 0x00000000be400000, 0x00000000be500000|  0%| F|  |TAMS 0x00000000be400000, 0x00000000be400000| Untracked 
| 485|0x00000000be500000, 0x00000000be500000, 0x00000000be600000|  0%| F|  |TAMS 0x00000000be500000, 0x00000000be500000| Untracked 
| 486|0x00000000be600000, 0x00000000be600000, 0x00000000be700000|  0%| F|  |TAMS 0x00000000be600000, 0x00000000be600000| Untracked 
| 487|0x00000000be700000, 0x00000000be700000, 0x00000000be800000|  0%| F|  |TAMS 0x00000000be700000, 0x00000000be700000| Untracked 
| 488|0x00000000be800000, 0x00000000be800000, 0x00000000be900000|  0%| F|  |TAMS 0x00000000be800000, 0x00000000be800000| Untracked 
| 489|0x00000000be900000, 0x00000000be900000, 0x00000000bea00000|  0%| F|  |TAMS 0x00000000be900000, 0x00000000be900000| Untracked 
| 490|0x00000000bea00000, 0x00000000bea00000, 0x00000000beb00000|  0%| F|  |TAMS 0x00000000bea00000, 0x00000000bea00000| Untracked 
| 491|0x00000000beb00000, 0x00000000beb00000, 0x00000000bec00000|  0%| F|  |TAMS 0x00000000beb00000, 0x00000000beb00000| Untracked 
| 492|0x00000000bec00000, 0x00000000bec00000, 0x00000000bed00000|  0%| F|  |TAMS 0x00000000bec00000, 0x00000000bec00000| Untracked 
| 493|0x00000000bed00000, 0x00000000bed00000, 0x00000000bee00000|  0%| F|  |TAMS 0x00000000bed00000, 0x00000000bed00000| Untracked 
| 494|0x00000000bee00000, 0x00000000bee00000, 0x00000000bef00000|  0%| F|  |TAMS 0x00000000bee00000, 0x00000000bee00000| Untracked 
| 495|0x00000000bef00000, 0x00000000bef00000, 0x00000000bf000000|  0%| F|  |TAMS 0x00000000bef00000, 0x00000000bef00000| Untracked 
| 496|0x00000000bf000000, 0x00000000bf000000, 0x00000000bf100000|  0%| F|  |TAMS 0x00000000bf000000, 0x00000000bf000000| Untracked 
| 497|0x00000000bf100000, 0x00000000bf100000, 0x00000000bf200000|  0%| F|  |TAMS 0x00000000bf100000, 0x00000000bf100000| Untracked 
| 498|0x00000000bf200000, 0x00000000bf200000, 0x00000000bf300000|  0%| F|  |TAMS 0x00000000bf200000, 0x00000000bf200000| Untracked 
| 499|0x00000000bf300000, 0x00000000bf300000, 0x00000000bf400000|  0%| F|  |TAMS 0x00000000bf300000, 0x00000000bf300000| Untracked 
| 500|0x00000000bf400000, 0x00000000bf400000, 0x00000000bf500000|  0%| F|  |TAMS 0x00000000bf400000, 0x00000000bf400000| Untracked 
| 501|0x00000000bf500000, 0x00000000bf500000, 0x00000000bf600000|  0%| F|  |TAMS 0x00000000bf500000, 0x00000000bf500000| Untracked 
| 502|0x00000000bf600000, 0x00000000bf600000, 0x00000000bf700000|  0%| F|  |TAMS 0x00000000bf600000, 0x00000000bf600000| Untracked 
| 503|0x00000000bf700000, 0x00000000bf700000, 0x00000000bf800000|  0%| F|  |TAMS 0x00000000bf700000, 0x00000000bf700000| Untracked 
| 504|0x00000000bf800000, 0x00000000bf800000, 0x00000000bf900000|  0%| F|  |TAMS 0x00000000bf800000, 0x00000000bf800000| Untracked 
| 505|0x00000000bf900000, 0x00000000bf900000, 0x00000000bfa00000|  0%| F|  |TAMS 0x00000000bf900000, 0x00000000bf900000| Untracked 
| 506|0x00000000bfa00000, 0x00000000bfa00000, 0x00000000bfb00000|  0%| F|  |TAMS 0x00000000bfa00000, 0x00000000bfa00000| Untracked 
| 507|0x00000000bfb00000, 0x00000000bfb00000, 0x00000000bfc00000|  0%| F|  |TAMS 0x00000000bfb00000, 0x00000000bfb00000| Untracked 
| 508|0x00000000bfc00000, 0x00000000bfc00000, 0x00000000bfd00000|  0%| F|  |TAMS 0x00000000bfc00000, 0x00000000bfc00000| Untracked 
| 509|0x00000000bfd00000, 0x00000000bfd00000, 0x00000000bfe00000|  0%| F|  |TAMS 0x00000000bfd00000, 0x00000000bfd00000| Untracked 
| 510|0x00000000bfe00000, 0x00000000bfe00000, 0x00000000bff00000|  0%| F|  |TAMS 0x00000000bfe00000, 0x00000000bfe00000| Untracked 
| 511|0x00000000bff00000, 0x00000000bff00000, 0x00000000c0000000|  0%| F|  |TAMS 0x00000000bff00000, 0x00000000bff00000| Untracked 
| 512|0x00000000c0000000, 0x00000000c0000000, 0x00000000c0100000|  0%| F|  |TAMS 0x00000000c0000000, 0x00000000c0000000| Untracked 
| 513|0x00000000c0100000, 0x00000000c0100000, 0x00000000c0200000|  0%| F|  |TAMS 0x00000000c0100000, 0x00000000c0100000| Untracked 
| 514|0x00000000c0200000, 0x00000000c0200000, 0x00000000c0300000|  0%| F|  |TAMS 0x00000000c0200000, 0x00000000c0200000| Untracked 
| 515|0x00000000c0300000, 0x00000000c0300000, 0x00000000c0400000|  0%| F|  |TAMS 0x00000000c0300000, 0x00000000c0300000| Untracked 
| 516|0x00000000c0400000, 0x00000000c0400000, 0x00000000c0500000|  0%| F|  |TAMS 0x00000000c0400000, 0x00000000c0400000| Untracked 
| 517|0x00000000c0500000, 0x00000000c0500000, 0x00000000c0600000|  0%| F|  |TAMS 0x00000000c0500000, 0x00000000c0500000| Untracked 
| 518|0x00000000c0600000, 0x00000000c0600000, 0x00000000c0700000|  0%| F|  |TAMS 0x00000000c0600000, 0x00000000c0600000| Untracked 
| 519|0x00000000c0700000, 0x00000000c0700000, 0x00000000c0800000|  0%| F|  |TAMS 0x00000000c0700000, 0x00000000c0700000| Untracked 
| 520|0x00000000c0800000, 0x00000000c0800000, 0x00000000c0900000|  0%| F|  |TAMS 0x00000000c0800000, 0x00000000c0800000| Untracked 
| 521|0x00000000c0900000, 0x00000000c0900000, 0x00000000c0a00000|  0%| F|  |TAMS 0x00000000c0900000, 0x00000000c0900000| Untracked 
| 522|0x00000000c0a00000, 0x00000000c0a00000, 0x00000000c0b00000|  0%| F|  |TAMS 0x00000000c0a00000, 0x00000000c0a00000| Untracked 
| 523|0x00000000c0b00000, 0x00000000c0b00000, 0x00000000c0c00000|  0%| F|  |TAMS 0x00000000c0b00000, 0x00000000c0b00000| Untracked 
| 524|0x00000000c0c00000, 0x00000000c0c00000, 0x00000000c0d00000|  0%| F|  |TAMS 0x00000000c0c00000, 0x00000000c0c00000| Untracked 
| 525|0x00000000c0d00000, 0x00000000c0d00000, 0x00000000c0e00000|  0%| F|  |TAMS 0x00000000c0d00000, 0x00000000c0d00000| Untracked 
| 526|0x00000000c0e00000, 0x00000000c0e00000, 0x00000000c0f00000|  0%| F|  |TAMS 0x00000000c0e00000, 0x00000000c0e00000| Untracked 
| 527|0x00000000c0f00000, 0x00000000c0f00000, 0x00000000c1000000|  0%| F|  |TAMS 0x00000000c0f00000, 0x00000000c0f00000| Untracked 
| 528|0x00000000c1000000, 0x00000000c1000000, 0x00000000c1100000|  0%| F|  |TAMS 0x00000000c1000000, 0x00000000c1000000| Untracked 
| 529|0x00000000c1100000, 0x00000000c1100000, 0x00000000c1200000|  0%| F|  |TAMS 0x00000000c1100000, 0x00000000c1100000| Untracked 
| 530|0x00000000c1200000, 0x00000000c1200000, 0x00000000c1300000|  0%| F|  |TAMS 0x00000000c1200000, 0x00000000c1200000| Untracked 
| 531|0x00000000c1300000, 0x00000000c1300000, 0x00000000c1400000|  0%| F|  |TAMS 0x00000000c1300000, 0x00000000c1300000| Untracked 
| 532|0x00000000c1400000, 0x00000000c1400000, 0x00000000c1500000|  0%| F|  |TAMS 0x00000000c1400000, 0x00000000c1400000| Untracked 
| 533|0x00000000c1500000, 0x00000000c1500000, 0x00000000c1600000|  0%| F|  |TAMS 0x00000000c1500000, 0x00000000c1500000| Untracked 
| 534|0x00000000c1600000, 0x00000000c1600000, 0x00000000c1700000|  0%| F|  |TAMS 0x00000000c1600000, 0x00000000c1600000| Untracked 
| 535|0x00000000c1700000, 0x00000000c1700000, 0x00000000c1800000|  0%| F|  |TAMS 0x00000000c1700000, 0x00000000c1700000| Untracked 
| 536|0x00000000c1800000, 0x00000000c1800000, 0x00000000c1900000|  0%| F|  |TAMS 0x00000000c1800000, 0x00000000c1800000| Untracked 
| 537|0x00000000c1900000, 0x00000000c1900000, 0x00000000c1a00000|  0%| F|  |TAMS 0x00000000c1900000, 0x00000000c1900000| Untracked 
| 538|0x00000000c1a00000, 0x00000000c1a00000, 0x00000000c1b00000|  0%| F|  |TAMS 0x00000000c1a00000, 0x00000000c1a00000| Untracked 
| 539|0x00000000c1b00000, 0x00000000c1b00000, 0x00000000c1c00000|  0%| F|  |TAMS 0x00000000c1b00000, 0x00000000c1b00000| Untracked 
| 540|0x00000000c1c00000, 0x00000000c1c00000, 0x00000000c1d00000|  0%| F|  |TAMS 0x00000000c1c00000, 0x00000000c1c00000| Untracked 
| 541|0x00000000c1d00000, 0x00000000c1d00000, 0x00000000c1e00000|  0%| F|  |TAMS 0x00000000c1d00000, 0x00000000c1d00000| Untracked 
| 542|0x00000000c1e00000, 0x00000000c1e00000, 0x00000000c1f00000|  0%| F|  |TAMS 0x00000000c1e00000, 0x00000000c1e00000| Untracked 
| 543|0x00000000c1f00000, 0x00000000c1f00000, 0x00000000c2000000|  0%| F|  |TAMS 0x00000000c1f00000, 0x00000000c1f00000| Untracked 
| 544|0x00000000c2000000, 0x00000000c2000000, 0x00000000c2100000|  0%| F|  |TAMS 0x00000000c2000000, 0x00000000c2000000| Untracked 
| 545|0x00000000c2100000, 0x00000000c2100000, 0x00000000c2200000|  0%| F|  |TAMS 0x00000000c2100000, 0x00000000c2100000| Untracked 
| 546|0x00000000c2200000, 0x00000000c2200000, 0x00000000c2300000|  0%| F|  |TAMS 0x00000000c2200000, 0x00000000c2200000| Untracked 
| 547|0x00000000c2300000, 0x00000000c2300000, 0x00000000c2400000|  0%| F|  |TAMS 0x00000000c2300000, 0x00000000c2300000| Untracked 
| 548|0x00000000c2400000, 0x00000000c2400000, 0x00000000c2500000|  0%| F|  |TAMS 0x00000000c2400000, 0x00000000c2400000| Untracked 
| 549|0x00000000c2500000, 0x00000000c2500000, 0x00000000c2600000|  0%| F|  |TAMS 0x00000000c2500000, 0x00000000c2500000| Untracked 
| 550|0x00000000c2600000, 0x00000000c2600000, 0x00000000c2700000|  0%| F|  |TAMS 0x00000000c2600000, 0x00000000c2600000| Untracked 
| 551|0x00000000c2700000, 0x00000000c2700000, 0x00000000c2800000|  0%| F|  |TAMS 0x00000000c2700000, 0x00000000c2700000| Untracked 
| 552|0x00000000c2800000, 0x00000000c2800000, 0x00000000c2900000|  0%| F|  |TAMS 0x00000000c2800000, 0x00000000c2800000| Untracked 
| 553|0x00000000c2900000, 0x00000000c2900000, 0x00000000c2a00000|  0%| F|  |TAMS 0x00000000c2900000, 0x00000000c2900000| Untracked 
| 554|0x00000000c2a00000, 0x00000000c2a00000, 0x00000000c2b00000|  0%| F|  |TAMS 0x00000000c2a00000, 0x00000000c2a00000| Untracked 
| 555|0x00000000c2b00000, 0x00000000c2b00000, 0x00000000c2c00000|  0%| F|  |TAMS 0x00000000c2b00000, 0x00000000c2b00000| Untracked 
| 556|0x00000000c2c00000, 0x00000000c2c00000, 0x00000000c2d00000|  0%| F|  |TAMS 0x00000000c2c00000, 0x00000000c2c00000| Untracked 
| 557|0x00000000c2d00000, 0x00000000c2d00000, 0x00000000c2e00000|  0%| F|  |TAMS 0x00000000c2d00000, 0x00000000c2d00000| Untracked 
| 558|0x00000000c2e00000, 0x00000000c2e00000, 0x00000000c2f00000|  0%| F|  |TAMS 0x00000000c2e00000, 0x00000000c2e00000| Untracked 
| 559|0x00000000c2f00000, 0x00000000c2f00000, 0x00000000c3000000|  0%| F|  |TAMS 0x00000000c2f00000, 0x00000000c2f00000| Untracked 
| 560|0x00000000c3000000, 0x00000000c3000000, 0x00000000c3100000|  0%| F|  |TAMS 0x00000000c3000000, 0x00000000c3000000| Untracked 
| 561|0x00000000c3100000, 0x00000000c3100000, 0x00000000c3200000|  0%| F|  |TAMS 0x00000000c3100000, 0x00000000c3100000| Untracked 
| 562|0x00000000c3200000, 0x00000000c3200000, 0x00000000c3300000|  0%| F|  |TAMS 0x00000000c3200000, 0x00000000c3200000| Untracked 
| 563|0x00000000c3300000, 0x00000000c3300000, 0x00000000c3400000|  0%| F|  |TAMS 0x00000000c3300000, 0x00000000c3300000| Untracked 
| 564|0x00000000c3400000, 0x00000000c3400000, 0x00000000c3500000|  0%| F|  |TAMS 0x00000000c3400000, 0x00000000c3400000| Untracked 
| 565|0x00000000c3500000, 0x00000000c3500000, 0x00000000c3600000|  0%| F|  |TAMS 0x00000000c3500000, 0x00000000c3500000| Untracked 
| 566|0x00000000c3600000, 0x00000000c3600000, 0x00000000c3700000|  0%| F|  |TAMS 0x00000000c3600000, 0x00000000c3600000| Untracked 
| 567|0x00000000c3700000, 0x00000000c3700000, 0x00000000c3800000|  0%| F|  |TAMS 0x00000000c3700000, 0x00000000c3700000| Untracked 
| 568|0x00000000c3800000, 0x00000000c3800000, 0x00000000c3900000|  0%| F|  |TAMS 0x00000000c3800000, 0x00000000c3800000| Untracked 
| 569|0x00000000c3900000, 0x00000000c3900000, 0x00000000c3a00000|  0%| F|  |TAMS 0x00000000c3900000, 0x00000000c3900000| Untracked 
| 570|0x00000000c3a00000, 0x00000000c3a00000, 0x00000000c3b00000|  0%| F|  |TAMS 0x00000000c3a00000, 0x00000000c3a00000| Untracked 
| 571|0x00000000c3b00000, 0x00000000c3b00000, 0x00000000c3c00000|  0%| F|  |TAMS 0x00000000c3b00000, 0x00000000c3b00000| Untracked 
| 572|0x00000000c3c00000, 0x00000000c3c00000, 0x00000000c3d00000|  0%| F|  |TAMS 0x00000000c3c00000, 0x00000000c3c00000| Untracked 
| 573|0x00000000c3d00000, 0x00000000c3d00000, 0x00000000c3e00000|  0%| F|  |TAMS 0x00000000c3d00000, 0x00000000c3d00000| Untracked 
| 574|0x00000000c3e00000, 0x00000000c3e00000, 0x00000000c3f00000|  0%| F|  |TAMS 0x00000000c3e00000, 0x00000000c3e00000| Untracked 
| 575|0x00000000c3f00000, 0x00000000c3f00000, 0x00000000c4000000|  0%| F|  |TAMS 0x00000000c3f00000, 0x00000000c3f00000| Untracked 
| 576|0x00000000c4000000, 0x00000000c4000000, 0x00000000c4100000|  0%| F|  |TAMS 0x00000000c4000000, 0x00000000c4000000| Untracked 
| 577|0x00000000c4100000, 0x00000000c4100000, 0x00000000c4200000|  0%| F|  |TAMS 0x00000000c4100000, 0x00000000c4100000| Untracked 
| 578|0x00000000c4200000, 0x00000000c4200000, 0x00000000c4300000|  0%| F|  |TAMS 0x00000000c4200000, 0x00000000c4200000| Untracked 
| 579|0x00000000c4300000, 0x00000000c4300000, 0x00000000c4400000|  0%| F|  |TAMS 0x00000000c4300000, 0x00000000c4300000| Untracked 
| 580|0x00000000c4400000, 0x00000000c4400000, 0x00000000c4500000|  0%| F|  |TAMS 0x00000000c4400000, 0x00000000c4400000| Untracked 
| 581|0x00000000c4500000, 0x00000000c4500000, 0x00000000c4600000|  0%| F|  |TAMS 0x00000000c4500000, 0x00000000c4500000| Untracked 
| 582|0x00000000c4600000, 0x00000000c4600000, 0x00000000c4700000|  0%| F|  |TAMS 0x00000000c4600000, 0x00000000c4600000| Untracked 
| 583|0x00000000c4700000, 0x00000000c4700000, 0x00000000c4800000|  0%| F|  |TAMS 0x00000000c4700000, 0x00000000c4700000| Untracked 
| 584|0x00000000c4800000, 0x00000000c4800000, 0x00000000c4900000|  0%| F|  |TAMS 0x00000000c4800000, 0x00000000c4800000| Untracked 
| 585|0x00000000c4900000, 0x00000000c4900000, 0x00000000c4a00000|  0%| F|  |TAMS 0x00000000c4900000, 0x00000000c4900000| Untracked 
| 586|0x00000000c4a00000, 0x00000000c4a00000, 0x00000000c4b00000|  0%| F|  |TAMS 0x00000000c4a00000, 0x00000000c4a00000| Untracked 
| 587|0x00000000c4b00000, 0x00000000c4b00000, 0x00000000c4c00000|  0%| F|  |TAMS 0x00000000c4b00000, 0x00000000c4b00000| Untracked 
| 588|0x00000000c4c00000, 0x00000000c4c00000, 0x00000000c4d00000|  0%| F|  |TAMS 0x00000000c4c00000, 0x00000000c4c00000| Untracked 
| 589|0x00000000c4d00000, 0x00000000c4d00000, 0x00000000c4e00000|  0%| F|  |TAMS 0x00000000c4d00000, 0x00000000c4d00000| Untracked 
| 590|0x00000000c4e00000, 0x00000000c4e00000, 0x00000000c4f00000|  0%| F|  |TAMS 0x00000000c4e00000, 0x00000000c4e00000| Untracked 
| 591|0x00000000c4f00000, 0x00000000c4f00000, 0x00000000c5000000|  0%| F|  |TAMS 0x00000000c4f00000, 0x00000000c4f00000| Untracked 
| 592|0x00000000c5000000, 0x00000000c5000000, 0x00000000c5100000|  0%| F|  |TAMS 0x00000000c5000000, 0x00000000c5000000| Untracked 
| 593|0x00000000c5100000, 0x00000000c5100000, 0x00000000c5200000|  0%| F|  |TAMS 0x00000000c5100000, 0x00000000c5100000| Untracked 
| 594|0x00000000c5200000, 0x00000000c5200000, 0x00000000c5300000|  0%| F|  |TAMS 0x00000000c5200000, 0x00000000c5200000| Untracked 
| 595|0x00000000c5300000, 0x00000000c5300000, 0x00000000c5400000|  0%| F|  |TAMS 0x00000000c5300000, 0x00000000c5300000| Untracked 
| 596|0x00000000c5400000, 0x00000000c5400000, 0x00000000c5500000|  0%| F|  |TAMS 0x00000000c5400000, 0x00000000c5400000| Untracked 
| 597|0x00000000c5500000, 0x00000000c5500000, 0x00000000c5600000|  0%| F|  |TAMS 0x00000000c5500000, 0x00000000c5500000| Untracked 
| 598|0x00000000c5600000, 0x00000000c5600000, 0x00000000c5700000|  0%| F|  |TAMS 0x00000000c5600000, 0x00000000c5600000| Untracked 
| 599|0x00000000c5700000, 0x00000000c5700000, 0x00000000c5800000|  0%| F|  |TAMS 0x00000000c5700000, 0x00000000c5700000| Untracked 
| 600|0x00000000c5800000, 0x00000000c5800000, 0x00000000c5900000|  0%| F|  |TAMS 0x00000000c5800000, 0x00000000c5800000| Untracked 
| 601|0x00000000c5900000, 0x00000000c5900000, 0x00000000c5a00000|  0%| F|  |TAMS 0x00000000c5900000, 0x00000000c5900000| Untracked 
| 602|0x00000000c5a00000, 0x00000000c5a00000, 0x00000000c5b00000|  0%| F|  |TAMS 0x00000000c5a00000, 0x00000000c5a00000| Untracked 
| 603|0x00000000c5b00000, 0x00000000c5b00000, 0x00000000c5c00000|  0%| F|  |TAMS 0x00000000c5b00000, 0x00000000c5b00000| Untracked 
| 604|0x00000000c5c00000, 0x00000000c5c00000, 0x00000000c5d00000|  0%| F|  |TAMS 0x00000000c5c00000, 0x00000000c5c00000| Untracked 
| 605|0x00000000c5d00000, 0x00000000c5d00000, 0x00000000c5e00000|  0%| F|  |TAMS 0x00000000c5d00000, 0x00000000c5d00000| Untracked 
| 606|0x00000000c5e00000, 0x00000000c5e00000, 0x00000000c5f00000|  0%| F|  |TAMS 0x00000000c5e00000, 0x00000000c5e00000| Untracked 
| 607|0x00000000c5f00000, 0x00000000c5f00000, 0x00000000c6000000|  0%| F|  |TAMS 0x00000000c5f00000, 0x00000000c5f00000| Untracked 
| 608|0x00000000c6000000, 0x00000000c6000000, 0x00000000c6100000|  0%| F|  |TAMS 0x00000000c6000000, 0x00000000c6000000| Untracked 
| 609|0x00000000c6100000, 0x00000000c6100000, 0x00000000c6200000|  0%| F|  |TAMS 0x00000000c6100000, 0x00000000c6100000| Untracked 
| 610|0x00000000c6200000, 0x00000000c6200000, 0x00000000c6300000|  0%| F|  |TAMS 0x00000000c6200000, 0x00000000c6200000| Untracked 
| 611|0x00000000c6300000, 0x00000000c6300000, 0x00000000c6400000|  0%| F|  |TAMS 0x00000000c6300000, 0x00000000c6300000| Untracked 
| 612|0x00000000c6400000, 0x00000000c6400000, 0x00000000c6500000|  0%| F|  |TAMS 0x00000000c6400000, 0x00000000c6400000| Untracked 
| 613|0x00000000c6500000, 0x00000000c6500000, 0x00000000c6600000|  0%| F|  |TAMS 0x00000000c6500000, 0x00000000c6500000| Untracked 
| 614|0x00000000c6600000, 0x00000000c6600000, 0x00000000c6700000|  0%| F|  |TAMS 0x00000000c6600000, 0x00000000c6600000| Untracked 
| 615|0x00000000c6700000, 0x00000000c6700000, 0x00000000c6800000|  0%| F|  |TAMS 0x00000000c6700000, 0x00000000c6700000| Untracked 
| 616|0x00000000c6800000, 0x00000000c6800000, 0x00000000c6900000|  0%| F|  |TAMS 0x00000000c6800000, 0x00000000c6800000| Untracked 
| 617|0x00000000c6900000, 0x00000000c6900000, 0x00000000c6a00000|  0%| F|  |TAMS 0x00000000c6900000, 0x00000000c6900000| Untracked 
| 618|0x00000000c6a00000, 0x00000000c6a00000, 0x00000000c6b00000|  0%| F|  |TAMS 0x00000000c6a00000, 0x00000000c6a00000| Untracked 
| 619|0x00000000c6b00000, 0x00000000c6b00000, 0x00000000c6c00000|  0%| F|  |TAMS 0x00000000c6b00000, 0x00000000c6b00000| Untracked 
| 620|0x00000000c6c00000, 0x00000000c6c00000, 0x00000000c6d00000|  0%| F|  |TAMS 0x00000000c6c00000, 0x00000000c6c00000| Untracked 
| 621|0x00000000c6d00000, 0x00000000c6d00000, 0x00000000c6e00000|  0%| F|  |TAMS 0x00000000c6d00000, 0x00000000c6d00000| Untracked 
| 622|0x00000000c6e00000, 0x00000000c6e00000, 0x00000000c6f00000|  0%| F|  |TAMS 0x00000000c6e00000, 0x00000000c6e00000| Untracked 
| 623|0x00000000c6f00000, 0x00000000c6f00000, 0x00000000c7000000|  0%| F|  |TAMS 0x00000000c6f00000, 0x00000000c6f00000| Untracked 
| 624|0x00000000c7000000, 0x00000000c7000000, 0x00000000c7100000|  0%| F|  |TAMS 0x00000000c7000000, 0x00000000c7000000| Untracked 
| 625|0x00000000c7100000, 0x00000000c7100000, 0x00000000c7200000|  0%| F|  |TAMS 0x00000000c7100000, 0x00000000c7100000| Untracked 
| 626|0x00000000c7200000, 0x00000000c7200000, 0x00000000c7300000|  0%| F|  |TAMS 0x00000000c7200000, 0x00000000c7200000| Untracked 
| 627|0x00000000c7300000, 0x00000000c7300000, 0x00000000c7400000|  0%| F|  |TAMS 0x00000000c7300000, 0x00000000c7300000| Untracked 
| 628|0x00000000c7400000, 0x00000000c7400000, 0x00000000c7500000|  0%| F|  |TAMS 0x00000000c7400000, 0x00000000c7400000| Untracked 
| 629|0x00000000c7500000, 0x00000000c7500000, 0x00000000c7600000|  0%| F|  |TAMS 0x00000000c7500000, 0x00000000c7500000| Untracked 
| 630|0x00000000c7600000, 0x00000000c7600000, 0x00000000c7700000|  0%| F|  |TAMS 0x00000000c7600000, 0x00000000c7600000| Untracked 
| 631|0x00000000c7700000, 0x00000000c7700000, 0x00000000c7800000|  0%| F|  |TAMS 0x00000000c7700000, 0x00000000c7700000| Untracked 
| 632|0x00000000c7800000, 0x00000000c7800000, 0x00000000c7900000|  0%| F|  |TAMS 0x00000000c7800000, 0x00000000c7800000| Untracked 
| 633|0x00000000c7900000, 0x00000000c7900000, 0x00000000c7a00000|  0%| F|  |TAMS 0x00000000c7900000, 0x00000000c7900000| Untracked 
| 634|0x00000000c7a00000, 0x00000000c7a00000, 0x00000000c7b00000|  0%| F|  |TAMS 0x00000000c7a00000, 0x00000000c7a00000| Untracked 
| 635|0x00000000c7b00000, 0x00000000c7b00000, 0x00000000c7c00000|  0%| F|  |TAMS 0x00000000c7b00000, 0x00000000c7b00000| Untracked 
| 636|0x00000000c7c00000, 0x00000000c7c00000, 0x00000000c7d00000|  0%| F|  |TAMS 0x00000000c7c00000, 0x00000000c7c00000| Untracked 
| 637|0x00000000c7d00000, 0x00000000c7d00000, 0x00000000c7e00000|  0%| F|  |TAMS 0x00000000c7d00000, 0x00000000c7d00000| Untracked 
| 638|0x00000000c7e00000, 0x00000000c7e00000, 0x00000000c7f00000|  0%| F|  |TAMS 0x00000000c7e00000, 0x00000000c7e00000| Untracked 
| 639|0x00000000c7f00000, 0x00000000c7f00000, 0x00000000c8000000|  0%| F|  |TAMS 0x00000000c7f00000, 0x00000000c7f00000| Untracked 
| 640|0x00000000c8000000, 0x00000000c8000000, 0x00000000c8100000|  0%| F|  |TAMS 0x00000000c8000000, 0x00000000c8000000| Untracked 
| 641|0x00000000c8100000, 0x00000000c8100000, 0x00000000c8200000|  0%| F|  |TAMS 0x00000000c8100000, 0x00000000c8100000| Untracked 
| 642|0x00000000c8200000, 0x00000000c8200000, 0x00000000c8300000|  0%| F|  |TAMS 0x00000000c8200000, 0x00000000c8200000| Untracked 
| 643|0x00000000c8300000, 0x00000000c8300000, 0x00000000c8400000|  0%| F|  |TAMS 0x00000000c8300000, 0x00000000c8300000| Untracked 
| 644|0x00000000c8400000, 0x00000000c8400000, 0x00000000c8500000|  0%| F|  |TAMS 0x00000000c8400000, 0x00000000c8400000| Untracked 
| 645|0x00000000c8500000, 0x00000000c8500000, 0x00000000c8600000|  0%| F|  |TAMS 0x00000000c8500000, 0x00000000c8500000| Untracked 
| 646|0x00000000c8600000, 0x00000000c8600000, 0x00000000c8700000|  0%| F|  |TAMS 0x00000000c8600000, 0x00000000c8600000| Untracked 
| 647|0x00000000c8700000, 0x00000000c8700000, 0x00000000c8800000|  0%| F|  |TAMS 0x00000000c8700000, 0x00000000c8700000| Untracked 
| 648|0x00000000c8800000, 0x00000000c8800000, 0x00000000c8900000|  0%| F|  |TAMS 0x00000000c8800000, 0x00000000c8800000| Untracked 
| 649|0x00000000c8900000, 0x00000000c8900000, 0x00000000c8a00000|  0%| F|  |TAMS 0x00000000c8900000, 0x00000000c8900000| Untracked 
| 650|0x00000000c8a00000, 0x00000000c8a00000, 0x00000000c8b00000|  0%| F|  |TAMS 0x00000000c8a00000, 0x00000000c8a00000| Untracked 
| 651|0x00000000c8b00000, 0x00000000c8b00000, 0x00000000c8c00000|  0%| F|  |TAMS 0x00000000c8b00000, 0x00000000c8b00000| Untracked 
| 652|0x00000000c8c00000, 0x00000000c8c00000, 0x00000000c8d00000|  0%| F|  |TAMS 0x00000000c8c00000, 0x00000000c8c00000| Untracked 
| 653|0x00000000c8d00000, 0x00000000c8d00000, 0x00000000c8e00000|  0%| F|  |TAMS 0x00000000c8d00000, 0x00000000c8d00000| Untracked 
| 654|0x00000000c8e00000, 0x00000000c8e00000, 0x00000000c8f00000|  0%| F|  |TAMS 0x00000000c8e00000, 0x00000000c8e00000| Untracked 
| 655|0x00000000c8f00000, 0x00000000c8f00000, 0x00000000c9000000|  0%| F|  |TAMS 0x00000000c8f00000, 0x00000000c8f00000| Untracked 
| 656|0x00000000c9000000, 0x00000000c9000000, 0x00000000c9100000|  0%| F|  |TAMS 0x00000000c9000000, 0x00000000c9000000| Untracked 
| 657|0x00000000c9100000, 0x00000000c9100000, 0x00000000c9200000|  0%| F|  |TAMS 0x00000000c9100000, 0x00000000c9100000| Untracked 
| 658|0x00000000c9200000, 0x00000000c9200000, 0x00000000c9300000|  0%| F|  |TAMS 0x00000000c9200000, 0x00000000c9200000| Untracked 
| 659|0x00000000c9300000, 0x00000000c9300000, 0x00000000c9400000|  0%| F|  |TAMS 0x00000000c9300000, 0x00000000c9300000| Untracked 
| 660|0x00000000c9400000, 0x00000000c9400000, 0x00000000c9500000|  0%| F|  |TAMS 0x00000000c9400000, 0x00000000c9400000| Untracked 
| 661|0x00000000c9500000, 0x00000000c9500000, 0x00000000c9600000|  0%| F|  |TAMS 0x00000000c9500000, 0x00000000c9500000| Untracked 
| 662|0x00000000c9600000, 0x00000000c9600000, 0x00000000c9700000|  0%| F|  |TAMS 0x00000000c9600000, 0x00000000c9600000| Untracked 
| 663|0x00000000c9700000, 0x00000000c9700000, 0x00000000c9800000|  0%| F|  |TAMS 0x00000000c9700000, 0x00000000c9700000| Untracked 
| 664|0x00000000c9800000, 0x00000000c9800000, 0x00000000c9900000|  0%| F|  |TAMS 0x00000000c9800000, 0x00000000c9800000| Untracked 
| 665|0x00000000c9900000, 0x00000000c9900000, 0x00000000c9a00000|  0%| F|  |TAMS 0x00000000c9900000, 0x00000000c9900000| Untracked 
| 666|0x00000000c9a00000, 0x00000000c9a00000, 0x00000000c9b00000|  0%| F|  |TAMS 0x00000000c9a00000, 0x00000000c9a00000| Untracked 
| 667|0x00000000c9b00000, 0x00000000c9b00000, 0x00000000c9c00000|  0%| F|  |TAMS 0x00000000c9b00000, 0x00000000c9b00000| Untracked 
| 668|0x00000000c9c00000, 0x00000000c9c00000, 0x00000000c9d00000|  0%| F|  |TAMS 0x00000000c9c00000, 0x00000000c9c00000| Untracked 
| 669|0x00000000c9d00000, 0x00000000c9d00000, 0x00000000c9e00000|  0%| F|  |TAMS 0x00000000c9d00000, 0x00000000c9d00000| Untracked 
| 670|0x00000000c9e00000, 0x00000000c9e00000, 0x00000000c9f00000|  0%| F|  |TAMS 0x00000000c9e00000, 0x00000000c9e00000| Untracked 
| 671|0x00000000c9f00000, 0x00000000c9f00000, 0x00000000ca000000|  0%| F|  |TAMS 0x00000000c9f00000, 0x00000000c9f00000| Untracked 
| 672|0x00000000ca000000, 0x00000000ca000000, 0x00000000ca100000|  0%| F|  |TAMS 0x00000000ca000000, 0x00000000ca000000| Untracked 
| 673|0x00000000ca100000, 0x00000000ca100000, 0x00000000ca200000|  0%| F|  |TAMS 0x00000000ca100000, 0x00000000ca100000| Untracked 
| 674|0x00000000ca200000, 0x00000000ca200000, 0x00000000ca300000|  0%| F|  |TAMS 0x00000000ca200000, 0x00000000ca200000| Untracked 
| 675|0x00000000ca300000, 0x00000000ca300000, 0x00000000ca400000|  0%| F|  |TAMS 0x00000000ca300000, 0x00000000ca300000| Untracked 
| 676|0x00000000ca400000, 0x00000000ca400000, 0x00000000ca500000|  0%| F|  |TAMS 0x00000000ca400000, 0x00000000ca400000| Untracked 
| 677|0x00000000ca500000, 0x00000000ca500000, 0x00000000ca600000|  0%| F|  |TAMS 0x00000000ca500000, 0x00000000ca500000| Untracked 
| 678|0x00000000ca600000, 0x00000000ca600000, 0x00000000ca700000|  0%| F|  |TAMS 0x00000000ca600000, 0x00000000ca600000| Untracked 
| 679|0x00000000ca700000, 0x00000000ca700000, 0x00000000ca800000|  0%| F|  |TAMS 0x00000000ca700000, 0x00000000ca700000| Untracked 
| 680|0x00000000ca800000, 0x00000000ca800000, 0x00000000ca900000|  0%| F|  |TAMS 0x00000000ca800000, 0x00000000ca800000| Untracked 
| 681|0x00000000ca900000, 0x00000000ca900000, 0x00000000caa00000|  0%| F|  |TAMS 0x00000000ca900000, 0x00000000ca900000| Untracked 
| 682|0x00000000caa00000, 0x00000000caa00000, 0x00000000cab00000|  0%| F|  |TAMS 0x00000000caa00000, 0x00000000caa00000| Untracked 
| 683|0x00000000cab00000, 0x00000000cab00000, 0x00000000cac00000|  0%| F|  |TAMS 0x00000000cab00000, 0x00000000cab00000| Untracked 
| 684|0x00000000cac00000, 0x00000000cac00000, 0x00000000cad00000|  0%| F|  |TAMS 0x00000000cac00000, 0x00000000cac00000| Untracked 
| 685|0x00000000cad00000, 0x00000000cad00000, 0x00000000cae00000|  0%| F|  |TAMS 0x00000000cad00000, 0x00000000cad00000| Untracked 
| 686|0x00000000cae00000, 0x00000000cae00000, 0x00000000caf00000|  0%| F|  |TAMS 0x00000000cae00000, 0x00000000cae00000| Untracked 
| 687|0x00000000caf00000, 0x00000000caf00000, 0x00000000cb000000|  0%| F|  |TAMS 0x00000000caf00000, 0x00000000caf00000| Untracked 
| 688|0x00000000cb000000, 0x00000000cb000000, 0x00000000cb100000|  0%| F|  |TAMS 0x00000000cb000000, 0x00000000cb000000| Untracked 
| 689|0x00000000cb100000, 0x00000000cb100000, 0x00000000cb200000|  0%| F|  |TAMS 0x00000000cb100000, 0x00000000cb100000| Untracked 
| 690|0x00000000cb200000, 0x00000000cb200000, 0x00000000cb300000|  0%| F|  |TAMS 0x00000000cb200000, 0x00000000cb200000| Untracked 
| 691|0x00000000cb300000, 0x00000000cb300000, 0x00000000cb400000|  0%| F|  |TAMS 0x00000000cb300000, 0x00000000cb300000| Untracked 
| 692|0x00000000cb400000, 0x00000000cb400000, 0x00000000cb500000|  0%| F|  |TAMS 0x00000000cb400000, 0x00000000cb400000| Untracked 
| 693|0x00000000cb500000, 0x00000000cb500000, 0x00000000cb600000|  0%| F|  |TAMS 0x00000000cb500000, 0x00000000cb500000| Untracked 
| 694|0x00000000cb600000, 0x00000000cb600000, 0x00000000cb700000|  0%| F|  |TAMS 0x00000000cb600000, 0x00000000cb600000| Untracked 
| 695|0x00000000cb700000, 0x00000000cb700000, 0x00000000cb800000|  0%| F|  |TAMS 0x00000000cb700000, 0x00000000cb700000| Untracked 
| 696|0x00000000cb800000, 0x00000000cb800000, 0x00000000cb900000|  0%| F|  |TAMS 0x00000000cb800000, 0x00000000cb800000| Untracked 
| 697|0x00000000cb900000, 0x00000000cb900000, 0x00000000cba00000|  0%| F|  |TAMS 0x00000000cb900000, 0x00000000cb900000| Untracked 
| 698|0x00000000cba00000, 0x00000000cba00000, 0x00000000cbb00000|  0%| F|  |TAMS 0x00000000cba00000, 0x00000000cba00000| Untracked 
| 699|0x00000000cbb00000, 0x00000000cbb00000, 0x00000000cbc00000|  0%| F|  |TAMS 0x00000000cbb00000, 0x00000000cbb00000| Untracked 
| 700|0x00000000cbc00000, 0x00000000cbc00000, 0x00000000cbd00000|  0%| F|  |TAMS 0x00000000cbc00000, 0x00000000cbc00000| Untracked 
| 701|0x00000000cbd00000, 0x00000000cbd00000, 0x00000000cbe00000|  0%| F|  |TAMS 0x00000000cbd00000, 0x00000000cbd00000| Untracked 
| 702|0x00000000cbe00000, 0x00000000cbe00000, 0x00000000cbf00000|  0%| F|  |TAMS 0x00000000cbe00000, 0x00000000cbe00000| Untracked 
| 703|0x00000000cbf00000, 0x00000000cbf00000, 0x00000000cc000000|  0%| F|  |TAMS 0x00000000cbf00000, 0x00000000cbf00000| Untracked 
| 704|0x00000000cc000000, 0x00000000cc000000, 0x00000000cc100000|  0%| F|  |TAMS 0x00000000cc000000, 0x00000000cc000000| Untracked 
| 705|0x00000000cc100000, 0x00000000cc100000, 0x00000000cc200000|  0%| F|  |TAMS 0x00000000cc100000, 0x00000000cc100000| Untracked 
| 706|0x00000000cc200000, 0x00000000cc200000, 0x00000000cc300000|  0%| F|  |TAMS 0x00000000cc200000, 0x00000000cc200000| Untracked 
| 707|0x00000000cc300000, 0x00000000cc300000, 0x00000000cc400000|  0%| F|  |TAMS 0x00000000cc300000, 0x00000000cc300000| Untracked 
| 708|0x00000000cc400000, 0x00000000cc400000, 0x00000000cc500000|  0%| F|  |TAMS 0x00000000cc400000, 0x00000000cc400000| Untracked 
| 709|0x00000000cc500000, 0x00000000cc500000, 0x00000000cc600000|  0%| F|  |TAMS 0x00000000cc500000, 0x00000000cc500000| Untracked 
| 710|0x00000000cc600000, 0x00000000cc600000, 0x00000000cc700000|  0%| F|  |TAMS 0x00000000cc600000, 0x00000000cc600000| Untracked 
| 711|0x00000000cc700000, 0x00000000cc700000, 0x00000000cc800000|  0%| F|  |TAMS 0x00000000cc700000, 0x00000000cc700000| Untracked 
| 712|0x00000000cc800000, 0x00000000cc800000, 0x00000000cc900000|  0%| F|  |TAMS 0x00000000cc800000, 0x00000000cc800000| Untracked 
| 713|0x00000000cc900000, 0x00000000cc900000, 0x00000000cca00000|  0%| F|  |TAMS 0x00000000cc900000, 0x00000000cc900000| Untracked 
| 714|0x00000000cca00000, 0x00000000cca00000, 0x00000000ccb00000|  0%| F|  |TAMS 0x00000000cca00000, 0x00000000cca00000| Untracked 
| 715|0x00000000ccb00000, 0x00000000ccb00000, 0x00000000ccc00000|  0%| F|  |TAMS 0x00000000ccb00000, 0x00000000ccb00000| Untracked 
| 716|0x00000000ccc00000, 0x00000000ccc00000, 0x00000000ccd00000|  0%| F|  |TAMS 0x00000000ccc00000, 0x00000000ccc00000| Untracked 
| 717|0x00000000ccd00000, 0x00000000ccd00000, 0x00000000cce00000|  0%| F|  |TAMS 0x00000000ccd00000, 0x00000000ccd00000| Untracked 
| 718|0x00000000cce00000, 0x00000000cce00000, 0x00000000ccf00000|  0%| F|  |TAMS 0x00000000cce00000, 0x00000000cce00000| Untracked 
| 719|0x00000000ccf00000, 0x00000000ccf00000, 0x00000000cd000000|  0%| F|  |TAMS 0x00000000ccf00000, 0x00000000ccf00000| Untracked 
| 720|0x00000000cd000000, 0x00000000cd000000, 0x00000000cd100000|  0%| F|  |TAMS 0x00000000cd000000, 0x00000000cd000000| Untracked 
| 721|0x00000000cd100000, 0x00000000cd100000, 0x00000000cd200000|  0%| F|  |TAMS 0x00000000cd100000, 0x00000000cd100000| Untracked 
| 722|0x00000000cd200000, 0x00000000cd200000, 0x00000000cd300000|  0%| F|  |TAMS 0x00000000cd200000, 0x00000000cd200000| Untracked 
| 723|0x00000000cd300000, 0x00000000cd300000, 0x00000000cd400000|  0%| F|  |TAMS 0x00000000cd300000, 0x00000000cd300000| Untracked 
| 724|0x00000000cd400000, 0x00000000cd400000, 0x00000000cd500000|  0%| F|  |TAMS 0x00000000cd400000, 0x00000000cd400000| Untracked 
| 725|0x00000000cd500000, 0x00000000cd500000, 0x00000000cd600000|  0%| F|  |TAMS 0x00000000cd500000, 0x00000000cd500000| Untracked 
| 726|0x00000000cd600000, 0x00000000cd600000, 0x00000000cd700000|  0%| F|  |TAMS 0x00000000cd600000, 0x00000000cd600000| Untracked 
| 727|0x00000000cd700000, 0x00000000cd700000, 0x00000000cd800000|  0%| F|  |TAMS 0x00000000cd700000, 0x00000000cd700000| Untracked 
| 728|0x00000000cd800000, 0x00000000cd800000, 0x00000000cd900000|  0%| F|  |TAMS 0x00000000cd800000, 0x00000000cd800000| Untracked 
| 729|0x00000000cd900000, 0x00000000cd900000, 0x00000000cda00000|  0%| F|  |TAMS 0x00000000cd900000, 0x00000000cd900000| Untracked 
| 730|0x00000000cda00000, 0x00000000cda00000, 0x00000000cdb00000|  0%| F|  |TAMS 0x00000000cda00000, 0x00000000cda00000| Untracked 
| 731|0x00000000cdb00000, 0x00000000cdb00000, 0x00000000cdc00000|  0%| F|  |TAMS 0x00000000cdb00000, 0x00000000cdb00000| Untracked 
| 732|0x00000000cdc00000, 0x00000000cdc00000, 0x00000000cdd00000|  0%| F|  |TAMS 0x00000000cdc00000, 0x00000000cdc00000| Untracked 
| 733|0x00000000cdd00000, 0x00000000cdd00000, 0x00000000cde00000|  0%| F|  |TAMS 0x00000000cdd00000, 0x00000000cdd00000| Untracked 
| 734|0x00000000cde00000, 0x00000000cde00000, 0x00000000cdf00000|  0%| F|  |TAMS 0x00000000cde00000, 0x00000000cde00000| Untracked 
| 735|0x00000000cdf00000, 0x00000000cdf00000, 0x00000000ce000000|  0%| F|  |TAMS 0x00000000cdf00000, 0x00000000cdf00000| Untracked 
| 736|0x00000000ce000000, 0x00000000ce000000, 0x00000000ce100000|  0%| F|  |TAMS 0x00000000ce000000, 0x00000000ce000000| Untracked 
| 737|0x00000000ce100000, 0x00000000ce100000, 0x00000000ce200000|  0%| F|  |TAMS 0x00000000ce100000, 0x00000000ce100000| Untracked 
| 738|0x00000000ce200000, 0x00000000ce200000, 0x00000000ce300000|  0%| F|  |TAMS 0x00000000ce200000, 0x00000000ce200000| Untracked 
| 739|0x00000000ce300000, 0x00000000ce300000, 0x00000000ce400000|  0%| F|  |TAMS 0x00000000ce300000, 0x00000000ce300000| Untracked 
| 740|0x00000000ce400000, 0x00000000ce400000, 0x00000000ce500000|  0%| F|  |TAMS 0x00000000ce400000, 0x00000000ce400000| Untracked 
| 741|0x00000000ce500000, 0x00000000ce500000, 0x00000000ce600000|  0%| F|  |TAMS 0x00000000ce500000, 0x00000000ce500000| Untracked 
| 742|0x00000000ce600000, 0x00000000ce600000, 0x00000000ce700000|  0%| F|  |TAMS 0x00000000ce600000, 0x00000000ce600000| Untracked 
| 743|0x00000000ce700000, 0x00000000ce700000, 0x00000000ce800000|  0%| F|  |TAMS 0x00000000ce700000, 0x00000000ce700000| Untracked 
| 744|0x00000000ce800000, 0x00000000ce800000, 0x00000000ce900000|  0%| F|  |TAMS 0x00000000ce800000, 0x00000000ce800000| Untracked 
| 745|0x00000000ce900000, 0x00000000ce900000, 0x00000000cea00000|  0%| F|  |TAMS 0x00000000ce900000, 0x00000000ce900000| Untracked 
| 746|0x00000000cea00000, 0x00000000cea00000, 0x00000000ceb00000|  0%| F|  |TAMS 0x00000000cea00000, 0x00000000cea00000| Untracked 
| 747|0x00000000ceb00000, 0x00000000ceb00000, 0x00000000cec00000|  0%| F|  |TAMS 0x00000000ceb00000, 0x00000000ceb00000| Untracked 
| 748|0x00000000cec00000, 0x00000000cec00000, 0x00000000ced00000|  0%| F|  |TAMS 0x00000000cec00000, 0x00000000cec00000| Untracked 
| 749|0x00000000ced00000, 0x00000000ced00000, 0x00000000cee00000|  0%| F|  |TAMS 0x00000000ced00000, 0x00000000ced00000| Untracked 
| 750|0x00000000cee00000, 0x00000000cee00000, 0x00000000cef00000|  0%| F|  |TAMS 0x00000000cee00000, 0x00000000cee00000| Untracked 
| 751|0x00000000cef00000, 0x00000000cef00000, 0x00000000cf000000|  0%| F|  |TAMS 0x00000000cef00000, 0x00000000cef00000| Untracked 
| 752|0x00000000cf000000, 0x00000000cf000000, 0x00000000cf100000|  0%| F|  |TAMS 0x00000000cf000000, 0x00000000cf000000| Untracked 
| 753|0x00000000cf100000, 0x00000000cf100000, 0x00000000cf200000|  0%| F|  |TAMS 0x00000000cf100000, 0x00000000cf100000| Untracked 
| 754|0x00000000cf200000, 0x00000000cf200000, 0x00000000cf300000|  0%| F|  |TAMS 0x00000000cf200000, 0x00000000cf200000| Untracked 
| 755|0x00000000cf300000, 0x00000000cf300000, 0x00000000cf400000|  0%| F|  |TAMS 0x00000000cf300000, 0x00000000cf300000| Untracked 
| 756|0x00000000cf400000, 0x00000000cf400000, 0x00000000cf500000|  0%| F|  |TAMS 0x00000000cf400000, 0x00000000cf400000| Untracked 
| 757|0x00000000cf500000, 0x00000000cf500000, 0x00000000cf600000|  0%| F|  |TAMS 0x00000000cf500000, 0x00000000cf500000| Untracked 
| 758|0x00000000cf600000, 0x00000000cf600000, 0x00000000cf700000|  0%| F|  |TAMS 0x00000000cf600000, 0x00000000cf600000| Untracked 
| 759|0x00000000cf700000, 0x00000000cf700000, 0x00000000cf800000|  0%| F|  |TAMS 0x00000000cf700000, 0x00000000cf700000| Untracked 
| 760|0x00000000cf800000, 0x00000000cf800000, 0x00000000cf900000|  0%| F|  |TAMS 0x00000000cf800000, 0x00000000cf800000| Untracked 
| 761|0x00000000cf900000, 0x00000000cf900000, 0x00000000cfa00000|  0%| F|  |TAMS 0x00000000cf900000, 0x00000000cf900000| Untracked 
| 762|0x00000000cfa00000, 0x00000000cfa00000, 0x00000000cfb00000|  0%| F|  |TAMS 0x00000000cfa00000, 0x00000000cfa00000| Untracked 
| 763|0x00000000cfb00000, 0x00000000cfb00000, 0x00000000cfc00000|  0%| F|  |TAMS 0x00000000cfb00000, 0x00000000cfb00000| Untracked 
| 764|0x00000000cfc00000, 0x00000000cfc00000, 0x00000000cfd00000|  0%| F|  |TAMS 0x00000000cfc00000, 0x00000000cfc00000| Untracked 
| 765|0x00000000cfd00000, 0x00000000cfd00000, 0x00000000cfe00000|  0%| F|  |TAMS 0x00000000cfd00000, 0x00000000cfd00000| Untracked 
| 766|0x00000000cfe00000, 0x00000000cfe00000, 0x00000000cff00000|  0%| F|  |TAMS 0x00000000cfe00000, 0x00000000cfe00000| Untracked 
| 767|0x00000000cff00000, 0x00000000cff00000, 0x00000000d0000000|  0%| F|  |TAMS 0x00000000cff00000, 0x00000000cff00000| Untracked 
| 768|0x00000000d0000000, 0x00000000d0000000, 0x00000000d0100000|  0%| F|  |TAMS 0x00000000d0000000, 0x00000000d0000000| Untracked 
| 769|0x00000000d0100000, 0x00000000d0100000, 0x00000000d0200000|  0%| F|  |TAMS 0x00000000d0100000, 0x00000000d0100000| Untracked 
| 770|0x00000000d0200000, 0x00000000d0200000, 0x00000000d0300000|  0%| F|  |TAMS 0x00000000d0200000, 0x00000000d0200000| Untracked 
| 771|0x00000000d0300000, 0x00000000d0300000, 0x00000000d0400000|  0%| F|  |TAMS 0x00000000d0300000, 0x00000000d0300000| Untracked 
| 772|0x00000000d0400000, 0x00000000d0400000, 0x00000000d0500000|  0%| F|  |TAMS 0x00000000d0400000, 0x00000000d0400000| Untracked 
| 773|0x00000000d0500000, 0x00000000d0500000, 0x00000000d0600000|  0%| F|  |TAMS 0x00000000d0500000, 0x00000000d0500000| Untracked 
| 774|0x00000000d0600000, 0x00000000d0600000, 0x00000000d0700000|  0%| F|  |TAMS 0x00000000d0600000, 0x00000000d0600000| Untracked 
| 775|0x00000000d0700000, 0x00000000d0700000, 0x00000000d0800000|  0%| F|  |TAMS 0x00000000d0700000, 0x00000000d0700000| Untracked 
| 776|0x00000000d0800000, 0x00000000d0800000, 0x00000000d0900000|  0%| F|  |TAMS 0x00000000d0800000, 0x00000000d0800000| Untracked 
| 777|0x00000000d0900000, 0x00000000d0900000, 0x00000000d0a00000|  0%| F|  |TAMS 0x00000000d0900000, 0x00000000d0900000| Untracked 
| 778|0x00000000d0a00000, 0x00000000d0a00000, 0x00000000d0b00000|  0%| F|  |TAMS 0x00000000d0a00000, 0x00000000d0a00000| Untracked 
| 779|0x00000000d0b00000, 0x00000000d0b00000, 0x00000000d0c00000|  0%| F|  |TAMS 0x00000000d0b00000, 0x00000000d0b00000| Untracked 
| 780|0x00000000d0c00000, 0x00000000d0c00000, 0x00000000d0d00000|  0%| F|  |TAMS 0x00000000d0c00000, 0x00000000d0c00000| Untracked 
| 781|0x00000000d0d00000, 0x00000000d0d00000, 0x00000000d0e00000|  0%| F|  |TAMS 0x00000000d0d00000, 0x00000000d0d00000| Untracked 
| 782|0x00000000d0e00000, 0x00000000d0e00000, 0x00000000d0f00000|  0%| F|  |TAMS 0x00000000d0e00000, 0x00000000d0e00000| Untracked 
| 783|0x00000000d0f00000, 0x00000000d0f00000, 0x00000000d1000000|  0%| F|  |TAMS 0x00000000d0f00000, 0x00000000d0f00000| Untracked 
| 784|0x00000000d1000000, 0x00000000d1000000, 0x00000000d1100000|  0%| F|  |TAMS 0x00000000d1000000, 0x00000000d1000000| Untracked 
| 785|0x00000000d1100000, 0x00000000d1100000, 0x00000000d1200000|  0%| F|  |TAMS 0x00000000d1100000, 0x00000000d1100000| Untracked 
| 786|0x00000000d1200000, 0x00000000d1200000, 0x00000000d1300000|  0%| F|  |TAMS 0x00000000d1200000, 0x00000000d1200000| Untracked 
| 787|0x00000000d1300000, 0x00000000d1300000, 0x00000000d1400000|  0%| F|  |TAMS 0x00000000d1300000, 0x00000000d1300000| Untracked 
| 788|0x00000000d1400000, 0x00000000d1400000, 0x00000000d1500000|  0%| F|  |TAMS 0x00000000d1400000, 0x00000000d1400000| Untracked 
| 789|0x00000000d1500000, 0x00000000d1500000, 0x00000000d1600000|  0%| F|  |TAMS 0x00000000d1500000, 0x00000000d1500000| Untracked 
| 790|0x00000000d1600000, 0x00000000d1600000, 0x00000000d1700000|  0%| F|  |TAMS 0x00000000d1600000, 0x00000000d1600000| Untracked 
| 791|0x00000000d1700000, 0x00000000d1700000, 0x00000000d1800000|  0%| F|  |TAMS 0x00000000d1700000, 0x00000000d1700000| Untracked 
| 792|0x00000000d1800000, 0x00000000d1800000, 0x00000000d1900000|  0%| F|  |TAMS 0x00000000d1800000, 0x00000000d1800000| Untracked 
| 793|0x00000000d1900000, 0x00000000d1900000, 0x00000000d1a00000|  0%| F|  |TAMS 0x00000000d1900000, 0x00000000d1900000| Untracked 
| 794|0x00000000d1a00000, 0x00000000d1a00000, 0x00000000d1b00000|  0%| F|  |TAMS 0x00000000d1a00000, 0x00000000d1a00000| Untracked 
| 795|0x00000000d1b00000, 0x00000000d1b00000, 0x00000000d1c00000|  0%| F|  |TAMS 0x00000000d1b00000, 0x00000000d1b00000| Untracked 
| 796|0x00000000d1c00000, 0x00000000d1c00000, 0x00000000d1d00000|  0%| F|  |TAMS 0x00000000d1c00000, 0x00000000d1c00000| Untracked 
| 797|0x00000000d1d00000, 0x00000000d1d00000, 0x00000000d1e00000|  0%| F|  |TAMS 0x00000000d1d00000, 0x00000000d1d00000| Untracked 
| 798|0x00000000d1e00000, 0x00000000d1e00000, 0x00000000d1f00000|  0%| F|  |TAMS 0x00000000d1e00000, 0x00000000d1e00000| Untracked 
| 799|0x00000000d1f00000, 0x00000000d1f00000, 0x00000000d2000000|  0%| F|  |TAMS 0x00000000d1f00000, 0x00000000d1f00000| Untracked 
| 800|0x00000000d2000000, 0x00000000d2000000, 0x00000000d2100000|  0%| F|  |TAMS 0x00000000d2000000, 0x00000000d2000000| Untracked 
| 801|0x00000000d2100000, 0x00000000d2100000, 0x00000000d2200000|  0%| F|  |TAMS 0x00000000d2100000, 0x00000000d2100000| Untracked 
| 802|0x00000000d2200000, 0x00000000d2200000, 0x00000000d2300000|  0%| F|  |TAMS 0x00000000d2200000, 0x00000000d2200000| Untracked 
| 803|0x00000000d2300000, 0x00000000d2300000, 0x00000000d2400000|  0%| F|  |TAMS 0x00000000d2300000, 0x00000000d2300000| Untracked 
| 804|0x00000000d2400000, 0x00000000d2400000, 0x00000000d2500000|  0%| F|  |TAMS 0x00000000d2400000, 0x00000000d2400000| Untracked 
| 805|0x00000000d2500000, 0x00000000d2500000, 0x00000000d2600000|  0%| F|  |TAMS 0x00000000d2500000, 0x00000000d2500000| Untracked 
| 806|0x00000000d2600000, 0x00000000d2600000, 0x00000000d2700000|  0%| F|  |TAMS 0x00000000d2600000, 0x00000000d2600000| Untracked 
| 807|0x00000000d2700000, 0x00000000d2700000, 0x00000000d2800000|  0%| F|  |TAMS 0x00000000d2700000, 0x00000000d2700000| Untracked 
| 808|0x00000000d2800000, 0x00000000d2800000, 0x00000000d2900000|  0%| F|  |TAMS 0x00000000d2800000, 0x00000000d2800000| Untracked 
| 809|0x00000000d2900000, 0x00000000d2900000, 0x00000000d2a00000|  0%| F|  |TAMS 0x00000000d2900000, 0x00000000d2900000| Untracked 
| 810|0x00000000d2a00000, 0x00000000d2a00000, 0x00000000d2b00000|  0%| F|  |TAMS 0x00000000d2a00000, 0x00000000d2a00000| Untracked 
| 811|0x00000000d2b00000, 0x00000000d2b00000, 0x00000000d2c00000|  0%| F|  |TAMS 0x00000000d2b00000, 0x00000000d2b00000| Untracked 
| 812|0x00000000d2c00000, 0x00000000d2c00000, 0x00000000d2d00000|  0%| F|  |TAMS 0x00000000d2c00000, 0x00000000d2c00000| Untracked 
| 813|0x00000000d2d00000, 0x00000000d2d00000, 0x00000000d2e00000|  0%| F|  |TAMS 0x00000000d2d00000, 0x00000000d2d00000| Untracked 
| 814|0x00000000d2e00000, 0x00000000d2e00000, 0x00000000d2f00000|  0%| F|  |TAMS 0x00000000d2e00000, 0x00000000d2e00000| Untracked 
| 815|0x00000000d2f00000, 0x00000000d2f00000, 0x00000000d3000000|  0%| F|  |TAMS 0x00000000d2f00000, 0x00000000d2f00000| Untracked 
| 816|0x00000000d3000000, 0x00000000d3000000, 0x00000000d3100000|  0%| F|  |TAMS 0x00000000d3000000, 0x00000000d3000000| Untracked 
| 817|0x00000000d3100000, 0x00000000d3100000, 0x00000000d3200000|  0%| F|  |TAMS 0x00000000d3100000, 0x00000000d3100000| Untracked 
| 818|0x00000000d3200000, 0x00000000d3200000, 0x00000000d3300000|  0%| F|  |TAMS 0x00000000d3200000, 0x00000000d3200000| Untracked 
| 819|0x00000000d3300000, 0x00000000d3300000, 0x00000000d3400000|  0%| F|  |TAMS 0x00000000d3300000, 0x00000000d3300000| Untracked 
| 820|0x00000000d3400000, 0x00000000d3400000, 0x00000000d3500000|  0%| F|  |TAMS 0x00000000d3400000, 0x00000000d3400000| Untracked 
| 821|0x00000000d3500000, 0x00000000d3500000, 0x00000000d3600000|  0%| F|  |TAMS 0x00000000d3500000, 0x00000000d3500000| Untracked 
| 822|0x00000000d3600000, 0x00000000d3600000, 0x00000000d3700000|  0%| F|  |TAMS 0x00000000d3600000, 0x00000000d3600000| Untracked 
| 823|0x00000000d3700000, 0x00000000d3700000, 0x00000000d3800000|  0%| F|  |TAMS 0x00000000d3700000, 0x00000000d3700000| Untracked 
| 824|0x00000000d3800000, 0x00000000d3800000, 0x00000000d3900000|  0%| F|  |TAMS 0x00000000d3800000, 0x00000000d3800000| Untracked 
| 825|0x00000000d3900000, 0x00000000d3900000, 0x00000000d3a00000|  0%| F|  |TAMS 0x00000000d3900000, 0x00000000d3900000| Untracked 
| 826|0x00000000d3a00000, 0x00000000d3a00000, 0x00000000d3b00000|  0%| F|  |TAMS 0x00000000d3a00000, 0x00000000d3a00000| Untracked 
| 827|0x00000000d3b00000, 0x00000000d3b00000, 0x00000000d3c00000|  0%| F|  |TAMS 0x00000000d3b00000, 0x00000000d3b00000| Untracked 
| 828|0x00000000d3c00000, 0x00000000d3c00000, 0x00000000d3d00000|  0%| F|  |TAMS 0x00000000d3c00000, 0x00000000d3c00000| Untracked 
| 829|0x00000000d3d00000, 0x00000000d3d00000, 0x00000000d3e00000|  0%| F|  |TAMS 0x00000000d3d00000, 0x00000000d3d00000| Untracked 
| 830|0x00000000d3e00000, 0x00000000d3e00000, 0x00000000d3f00000|  0%| F|  |TAMS 0x00000000d3e00000, 0x00000000d3e00000| Untracked 
| 831|0x00000000d3f00000, 0x00000000d3f00000, 0x00000000d4000000|  0%| F|  |TAMS 0x00000000d3f00000, 0x00000000d3f00000| Untracked 
| 832|0x00000000d4000000, 0x00000000d4000000, 0x00000000d4100000|  0%| F|  |TAMS 0x00000000d4000000, 0x00000000d4000000| Untracked 
| 833|0x00000000d4100000, 0x00000000d4100000, 0x00000000d4200000|  0%| F|  |TAMS 0x00000000d4100000, 0x00000000d4100000| Untracked 
| 834|0x00000000d4200000, 0x00000000d4200000, 0x00000000d4300000|  0%| F|  |TAMS 0x00000000d4200000, 0x00000000d4200000| Untracked 
| 835|0x00000000d4300000, 0x00000000d4300000, 0x00000000d4400000|  0%| F|  |TAMS 0x00000000d4300000, 0x00000000d4300000| Untracked 
| 836|0x00000000d4400000, 0x00000000d4400000, 0x00000000d4500000|  0%| F|  |TAMS 0x00000000d4400000, 0x00000000d4400000| Untracked 
| 837|0x00000000d4500000, 0x00000000d4500000, 0x00000000d4600000|  0%| F|  |TAMS 0x00000000d4500000, 0x00000000d4500000| Untracked 
| 838|0x00000000d4600000, 0x00000000d4600000, 0x00000000d4700000|  0%| F|  |TAMS 0x00000000d4600000, 0x00000000d4600000| Untracked 
| 839|0x00000000d4700000, 0x00000000d4700000, 0x00000000d4800000|  0%| F|  |TAMS 0x00000000d4700000, 0x00000000d4700000| Untracked 
| 840|0x00000000d4800000, 0x00000000d4800000, 0x00000000d4900000|  0%| F|  |TAMS 0x00000000d4800000, 0x00000000d4800000| Untracked 
| 841|0x00000000d4900000, 0x00000000d4900000, 0x00000000d4a00000|  0%| F|  |TAMS 0x00000000d4900000, 0x00000000d4900000| Untracked 
| 842|0x00000000d4a00000, 0x00000000d4a00000, 0x00000000d4b00000|  0%| F|  |TAMS 0x00000000d4a00000, 0x00000000d4a00000| Untracked 
| 843|0x00000000d4b00000, 0x00000000d4b00000, 0x00000000d4c00000|  0%| F|  |TAMS 0x00000000d4b00000, 0x00000000d4b00000| Untracked 
| 844|0x00000000d4c00000, 0x00000000d4c00000, 0x00000000d4d00000|  0%| F|  |TAMS 0x00000000d4c00000, 0x00000000d4c00000| Untracked 
| 845|0x00000000d4d00000, 0x00000000d4d00000, 0x00000000d4e00000|  0%| F|  |TAMS 0x00000000d4d00000, 0x00000000d4d00000| Untracked 
| 846|0x00000000d4e00000, 0x00000000d4e00000, 0x00000000d4f00000|  0%| F|  |TAMS 0x00000000d4e00000, 0x00000000d4e00000| Untracked 
| 847|0x00000000d4f00000, 0x00000000d4f00000, 0x00000000d5000000|  0%| F|  |TAMS 0x00000000d4f00000, 0x00000000d4f00000| Untracked 
| 848|0x00000000d5000000, 0x00000000d5000000, 0x00000000d5100000|  0%| F|  |TAMS 0x00000000d5000000, 0x00000000d5000000| Untracked 
| 849|0x00000000d5100000, 0x00000000d5100000, 0x00000000d5200000|  0%| F|  |TAMS 0x00000000d5100000, 0x00000000d5100000| Untracked 
| 850|0x00000000d5200000, 0x00000000d5200000, 0x00000000d5300000|  0%| F|  |TAMS 0x00000000d5200000, 0x00000000d5200000| Untracked 
| 851|0x00000000d5300000, 0x00000000d5300000, 0x00000000d5400000|  0%| F|  |TAMS 0x00000000d5300000, 0x00000000d5300000| Untracked 
| 852|0x00000000d5400000, 0x00000000d5400000, 0x00000000d5500000|  0%| F|  |TAMS 0x00000000d5400000, 0x00000000d5400000| Untracked 
| 853|0x00000000d5500000, 0x00000000d5500000, 0x00000000d5600000|  0%| F|  |TAMS 0x00000000d5500000, 0x00000000d5500000| Untracked 
| 854|0x00000000d5600000, 0x00000000d5600000, 0x00000000d5700000|  0%| F|  |TAMS 0x00000000d5600000, 0x00000000d5600000| Untracked 
| 855|0x00000000d5700000, 0x00000000d5700000, 0x00000000d5800000|  0%| F|  |TAMS 0x00000000d5700000, 0x00000000d5700000| Untracked 
| 856|0x00000000d5800000, 0x00000000d5800000, 0x00000000d5900000|  0%| F|  |TAMS 0x00000000d5800000, 0x00000000d5800000| Untracked 
| 857|0x00000000d5900000, 0x00000000d5900000, 0x00000000d5a00000|  0%| F|  |TAMS 0x00000000d5900000, 0x00000000d5900000| Untracked 
| 858|0x00000000d5a00000, 0x00000000d5a00000, 0x00000000d5b00000|  0%| F|  |TAMS 0x00000000d5a00000, 0x00000000d5a00000| Untracked 
| 859|0x00000000d5b00000, 0x00000000d5b00000, 0x00000000d5c00000|  0%| F|  |TAMS 0x00000000d5b00000, 0x00000000d5b00000| Untracked 
| 860|0x00000000d5c00000, 0x00000000d5c00000, 0x00000000d5d00000|  0%| F|  |TAMS 0x00000000d5c00000, 0x00000000d5c00000| Untracked 
| 861|0x00000000d5d00000, 0x00000000d5d00000, 0x00000000d5e00000|  0%| F|  |TAMS 0x00000000d5d00000, 0x00000000d5d00000| Untracked 
| 862|0x00000000d5e00000, 0x00000000d5e00000, 0x00000000d5f00000|  0%| F|  |TAMS 0x00000000d5e00000, 0x00000000d5e00000| Untracked 
| 863|0x00000000d5f00000, 0x00000000d5f00000, 0x00000000d6000000|  0%| F|  |TAMS 0x00000000d5f00000, 0x00000000d5f00000| Untracked 
| 864|0x00000000d6000000, 0x00000000d6000000, 0x00000000d6100000|  0%| F|  |TAMS 0x00000000d6000000, 0x00000000d6000000| Untracked 
| 865|0x00000000d6100000, 0x00000000d6100000, 0x00000000d6200000|  0%| F|  |TAMS 0x00000000d6100000, 0x00000000d6100000| Untracked 
| 866|0x00000000d6200000, 0x00000000d6200000, 0x00000000d6300000|  0%| F|  |TAMS 0x00000000d6200000, 0x00000000d6200000| Untracked 
| 867|0x00000000d6300000, 0x00000000d6300000, 0x00000000d6400000|  0%| F|  |TAMS 0x00000000d6300000, 0x00000000d6300000| Untracked 
| 868|0x00000000d6400000, 0x00000000d6400000, 0x00000000d6500000|  0%| F|  |TAMS 0x00000000d6400000, 0x00000000d6400000| Untracked 
| 869|0x00000000d6500000, 0x00000000d6500000, 0x00000000d6600000|  0%| F|  |TAMS 0x00000000d6500000, 0x00000000d6500000| Untracked 
| 870|0x00000000d6600000, 0x00000000d6600000, 0x00000000d6700000|  0%| F|  |TAMS 0x00000000d6600000, 0x00000000d6600000| Untracked 
| 871|0x00000000d6700000, 0x00000000d6700000, 0x00000000d6800000|  0%| F|  |TAMS 0x00000000d6700000, 0x00000000d6700000| Untracked 
| 872|0x00000000d6800000, 0x00000000d6800000, 0x00000000d6900000|  0%| F|  |TAMS 0x00000000d6800000, 0x00000000d6800000| Untracked 
| 873|0x00000000d6900000, 0x00000000d6900000, 0x00000000d6a00000|  0%| F|  |TAMS 0x00000000d6900000, 0x00000000d6900000| Untracked 
| 874|0x00000000d6a00000, 0x00000000d6a00000, 0x00000000d6b00000|  0%| F|  |TAMS 0x00000000d6a00000, 0x00000000d6a00000| Untracked 
| 875|0x00000000d6b00000, 0x00000000d6b00000, 0x00000000d6c00000|  0%| F|  |TAMS 0x00000000d6b00000, 0x00000000d6b00000| Untracked 
| 876|0x00000000d6c00000, 0x00000000d6c00000, 0x00000000d6d00000|  0%| F|  |TAMS 0x00000000d6c00000, 0x00000000d6c00000| Untracked 
| 877|0x00000000d6d00000, 0x00000000d6d00000, 0x00000000d6e00000|  0%| F|  |TAMS 0x00000000d6d00000, 0x00000000d6d00000| Untracked 
| 878|0x00000000d6e00000, 0x00000000d6e00000, 0x00000000d6f00000|  0%| F|  |TAMS 0x00000000d6e00000, 0x00000000d6e00000| Untracked 
| 879|0x00000000d6f00000, 0x00000000d6f00000, 0x00000000d7000000|  0%| F|  |TAMS 0x00000000d6f00000, 0x00000000d6f00000| Untracked 
| 880|0x00000000d7000000, 0x00000000d7000000, 0x00000000d7100000|  0%| F|  |TAMS 0x00000000d7000000, 0x00000000d7000000| Untracked 
| 881|0x00000000d7100000, 0x00000000d7100000, 0x00000000d7200000|  0%| F|  |TAMS 0x00000000d7100000, 0x00000000d7100000| Untracked 
| 882|0x00000000d7200000, 0x00000000d7200000, 0x00000000d7300000|  0%| F|  |TAMS 0x00000000d7200000, 0x00000000d7200000| Untracked 
| 883|0x00000000d7300000, 0x00000000d7300000, 0x00000000d7400000|  0%| F|  |TAMS 0x00000000d7300000, 0x00000000d7300000| Untracked 
| 884|0x00000000d7400000, 0x00000000d7400000, 0x00000000d7500000|  0%| F|  |TAMS 0x00000000d7400000, 0x00000000d7400000| Untracked 
| 885|0x00000000d7500000, 0x00000000d75e7fb0, 0x00000000d7600000| 90%| E|  |TAMS 0x00000000d7500000, 0x00000000d7500000| Complete 
| 886|0x00000000d7600000, 0x00000000d7700000, 0x00000000d7700000|100%| E|CS|TAMS 0x00000000d7600000, 0x00000000d7600000| Complete 
| 887|0x00000000d7700000, 0x00000000d7800000, 0x00000000d7800000|100%| E|CS|TAMS 0x00000000d7700000, 0x00000000d7700000| Complete 
| 888|0x00000000d7800000, 0x00000000d7900000, 0x00000000d7900000|100%| E|CS|TAMS 0x00000000d7800000, 0x00000000d7800000| Complete 
| 889|0x00000000d7900000, 0x00000000d7a00000, 0x00000000d7a00000|100%| E|CS|TAMS 0x00000000d7900000, 0x00000000d7900000| Complete 
| 890|0x00000000d7a00000, 0x00000000d7b00000, 0x00000000d7b00000|100%| E|CS|TAMS 0x00000000d7a00000, 0x00000000d7a00000| Complete 
| 891|0x00000000d7b00000, 0x00000000d7c00000, 0x00000000d7c00000|100%| E|CS|TAMS 0x00000000d7b00000, 0x00000000d7b00000| Complete 
| 892|0x00000000d7c00000, 0x00000000d7d00000, 0x00000000d7d00000|100%| E|CS|TAMS 0x00000000d7c00000, 0x00000000d7c00000| Complete 
| 893|0x00000000d7d00000, 0x00000000d7e00000, 0x00000000d7e00000|100%| E|CS|TAMS 0x00000000d7d00000, 0x00000000d7d00000| Complete 
| 894|0x00000000d7e00000, 0x00000000d7f00000, 0x00000000d7f00000|100%| E|CS|TAMS 0x00000000d7e00000, 0x00000000d7e00000| Complete 
| 895|0x00000000d7f00000, 0x00000000d8000000, 0x00000000d8000000|100%| E|CS|TAMS 0x00000000d7f00000, 0x00000000d7f00000| Complete 
| 896|0x00000000d8000000, 0x00000000d8100000, 0x00000000d8100000|100%| E|CS|TAMS 0x00000000d8000000, 0x00000000d8000000| Complete 
| 897|0x00000000d8100000, 0x00000000d8200000, 0x00000000d8200000|100%| E|CS|TAMS 0x00000000d8100000, 0x00000000d8100000| Complete 
| 898|0x00000000d8200000, 0x00000000d8300000, 0x00000000d8300000|100%| E|CS|TAMS 0x00000000d8200000, 0x00000000d8200000| Complete 
| 899|0x00000000d8300000, 0x00000000d8400000, 0x00000000d8400000|100%| E|CS|TAMS 0x00000000d8300000, 0x00000000d8300000| Complete 
| 900|0x00000000d8400000, 0x00000000d8500000, 0x00000000d8500000|100%| E|CS|TAMS 0x00000000d8400000, 0x00000000d8400000| Complete 
| 901|0x00000000d8500000, 0x00000000d8600000, 0x00000000d8600000|100%| E|CS|TAMS 0x00000000d8500000, 0x00000000d8500000| Complete 
| 902|0x00000000d8600000, 0x00000000d8700000, 0x00000000d8700000|100%| E|CS|TAMS 0x00000000d8600000, 0x00000000d8600000| Complete 
| 903|0x00000000d8700000, 0x00000000d8800000, 0x00000000d8800000|100%| E|CS|TAMS 0x00000000d8700000, 0x00000000d8700000| Complete 
| 904|0x00000000d8800000, 0x00000000d8900000, 0x00000000d8900000|100%| E|CS|TAMS 0x00000000d8800000, 0x00000000d8800000| Complete 
| 905|0x00000000d8900000, 0x00000000d8a00000, 0x00000000d8a00000|100%| E|CS|TAMS 0x00000000d8900000, 0x00000000d8900000| Complete 
| 906|0x00000000d8a00000, 0x00000000d8b00000, 0x00000000d8b00000|100%| E|CS|TAMS 0x00000000d8a00000, 0x00000000d8a00000| Complete 
| 907|0x00000000d8b00000, 0x00000000d8c00000, 0x00000000d8c00000|100%| E|CS|TAMS 0x00000000d8b00000, 0x00000000d8b00000| Complete 
| 908|0x00000000d8c00000, 0x00000000d8d00000, 0x00000000d8d00000|100%| E|CS|TAMS 0x00000000d8c00000, 0x00000000d8c00000| Complete 
| 909|0x00000000d8d00000, 0x00000000d8e00000, 0x00000000d8e00000|100%| E|CS|TAMS 0x00000000d8d00000, 0x00000000d8d00000| Complete 
| 910|0x00000000d8e00000, 0x00000000d8f00000, 0x00000000d8f00000|100%| E|CS|TAMS 0x00000000d8e00000, 0x00000000d8e00000| Complete 
| 911|0x00000000d8f00000, 0x00000000d9000000, 0x00000000d9000000|100%| E|CS|TAMS 0x00000000d8f00000, 0x00000000d8f00000| Complete 
| 912|0x00000000d9000000, 0x00000000d9100000, 0x00000000d9100000|100%| E|CS|TAMS 0x00000000d9000000, 0x00000000d9000000| Complete 
| 913|0x00000000d9100000, 0x00000000d9200000, 0x00000000d9200000|100%| E|CS|TAMS 0x00000000d9100000, 0x00000000d9100000| Complete 
| 914|0x00000000d9200000, 0x00000000d9300000, 0x00000000d9300000|100%| E|CS|TAMS 0x00000000d9200000, 0x00000000d9200000| Complete 
| 915|0x00000000d9300000, 0x00000000d9400000, 0x00000000d9400000|100%| E|CS|TAMS 0x00000000d9300000, 0x00000000d9300000| Complete 
| 916|0x00000000d9400000, 0x00000000d9500000, 0x00000000d9500000|100%| E|CS|TAMS 0x00000000d9400000, 0x00000000d9400000| Complete 
| 917|0x00000000d9500000, 0x00000000d9600000, 0x00000000d9600000|100%| E|CS|TAMS 0x00000000d9500000, 0x00000000d9500000| Complete 
| 918|0x00000000d9600000, 0x00000000d9700000, 0x00000000d9700000|100%| E|CS|TAMS 0x00000000d9600000, 0x00000000d9600000| Complete 
| 919|0x00000000d9700000, 0x00000000d9800000, 0x00000000d9800000|100%| E|CS|TAMS 0x00000000d9700000, 0x00000000d9700000| Complete 
| 920|0x00000000d9800000, 0x00000000d9900000, 0x00000000d9900000|100%| E|CS|TAMS 0x00000000d9800000, 0x00000000d9800000| Complete 
| 921|0x00000000d9900000, 0x00000000d9a00000, 0x00000000d9a00000|100%| E|CS|TAMS 0x00000000d9900000, 0x00000000d9900000| Complete 
| 922|0x00000000d9a00000, 0x00000000d9b00000, 0x00000000d9b00000|100%| E|CS|TAMS 0x00000000d9a00000, 0x00000000d9a00000| Complete 
| 923|0x00000000d9b00000, 0x00000000d9c00000, 0x00000000d9c00000|100%| E|CS|TAMS 0x00000000d9b00000, 0x00000000d9b00000| Complete 
| 924|0x00000000d9c00000, 0x00000000d9d00000, 0x00000000d9d00000|100%| E|CS|TAMS 0x00000000d9c00000, 0x00000000d9c00000| Complete 
| 925|0x00000000d9d00000, 0x00000000d9e00000, 0x00000000d9e00000|100%| E|CS|TAMS 0x00000000d9d00000, 0x00000000d9d00000| Complete 
| 926|0x00000000d9e00000, 0x00000000d9f00000, 0x00000000d9f00000|100%| E|CS|TAMS 0x00000000d9e00000, 0x00000000d9e00000| Complete 
| 927|0x00000000d9f00000, 0x00000000da000000, 0x00000000da000000|100%| E|CS|TAMS 0x00000000d9f00000, 0x00000000d9f00000| Complete 
| 928|0x00000000da000000, 0x00000000da100000, 0x00000000da100000|100%| E|CS|TAMS 0x00000000da000000, 0x00000000da000000| Complete 
| 929|0x00000000da100000, 0x00000000da200000, 0x00000000da200000|100%| E|CS|TAMS 0x00000000da100000, 0x00000000da100000| Complete 
| 930|0x00000000da200000, 0x00000000da300000, 0x00000000da300000|100%| E|CS|TAMS 0x00000000da200000, 0x00000000da200000| Complete 
| 931|0x00000000da300000, 0x00000000da400000, 0x00000000da400000|100%| E|CS|TAMS 0x00000000da300000, 0x00000000da300000| Complete 
| 932|0x00000000da400000, 0x00000000da500000, 0x00000000da500000|100%| E|CS|TAMS 0x00000000da400000, 0x00000000da400000| Complete 
| 933|0x00000000da500000, 0x00000000da600000, 0x00000000da600000|100%| E|CS|TAMS 0x00000000da500000, 0x00000000da500000| Complete 
| 934|0x00000000da600000, 0x00000000da700000, 0x00000000da700000|100%| E|CS|TAMS 0x00000000da600000, 0x00000000da600000| Complete 
| 935|0x00000000da700000, 0x00000000da800000, 0x00000000da800000|100%| E|CS|TAMS 0x00000000da700000, 0x00000000da700000| Complete 
| 936|0x00000000da800000, 0x00000000da900000, 0x00000000da900000|100%| E|CS|TAMS 0x00000000da800000, 0x00000000da800000| Complete 
| 937|0x00000000da900000, 0x00000000daa00000, 0x00000000daa00000|100%| E|CS|TAMS 0x00000000da900000, 0x00000000da900000| Complete 
| 938|0x00000000daa00000, 0x00000000dab00000, 0x00000000dab00000|100%| E|  |TAMS 0x00000000daa00000, 0x00000000daa00000| Complete 
| 939|0x00000000dab00000, 0x00000000dac00000, 0x00000000dac00000|100%| E|CS|TAMS 0x00000000dab00000, 0x00000000dab00000| Complete 
| 940|0x00000000dac00000, 0x00000000dad00000, 0x00000000dad00000|100%| E|CS|TAMS 0x00000000dac00000, 0x00000000dac00000| Complete 
| 941|0x00000000dad00000, 0x00000000dae00000, 0x00000000dae00000|100%| E|CS|TAMS 0x00000000dad00000, 0x00000000dad00000| Complete 
| 942|0x00000000dae00000, 0x00000000daf00000, 0x00000000daf00000|100%| E|CS|TAMS 0x00000000dae00000, 0x00000000dae00000| Complete 
| 943|0x00000000daf00000, 0x00000000db000000, 0x00000000db000000|100%| E|CS|TAMS 0x00000000daf00000, 0x00000000daf00000| Complete 
| 944|0x00000000db000000, 0x00000000db100000, 0x00000000db100000|100%| E|CS|TAMS 0x00000000db000000, 0x00000000db000000| Complete 
| 945|0x00000000db100000, 0x00000000db200000, 0x00000000db200000|100%| E|CS|TAMS 0x00000000db100000, 0x00000000db100000| Complete 
| 946|0x00000000db200000, 0x00000000db300000, 0x00000000db300000|100%| E|CS|TAMS 0x00000000db200000, 0x00000000db200000| Complete 
| 947|0x00000000db300000, 0x00000000db400000, 0x00000000db400000|100%| E|CS|TAMS 0x00000000db300000, 0x00000000db300000| Complete 
| 948|0x00000000db400000, 0x00000000db500000, 0x00000000db500000|100%| E|CS|TAMS 0x00000000db400000, 0x00000000db400000| Complete 
| 949|0x00000000db500000, 0x00000000db600000, 0x00000000db600000|100%| E|CS|TAMS 0x00000000db500000, 0x00000000db500000| Complete 
| 950|0x00000000db600000, 0x00000000db700000, 0x00000000db700000|100%| E|CS|TAMS 0x00000000db600000, 0x00000000db600000| Complete 
| 951|0x00000000db700000, 0x00000000db800000, 0x00000000db800000|100%| E|CS|TAMS 0x00000000db700000, 0x00000000db700000| Complete 
| 952|0x00000000db800000, 0x00000000db900000, 0x00000000db900000|100%| E|CS|TAMS 0x00000000db800000, 0x00000000db800000| Complete 
| 953|0x00000000db900000, 0x00000000dba00000, 0x00000000dba00000|100%| E|CS|TAMS 0x00000000db900000, 0x00000000db900000| Complete 
| 954|0x00000000dba00000, 0x00000000dbb00000, 0x00000000dbb00000|100%| E|CS|TAMS 0x00000000dba00000, 0x00000000dba00000| Complete 
| 955|0x00000000dbb00000, 0x00000000dbc00000, 0x00000000dbc00000|100%| E|CS|TAMS 0x00000000dbb00000, 0x00000000dbb00000| Complete 
| 956|0x00000000dbc00000, 0x00000000dbd00000, 0x00000000dbd00000|100%| E|CS|TAMS 0x00000000dbc00000, 0x00000000dbc00000| Complete 
| 957|0x00000000dbd00000, 0x00000000dbe00000, 0x00000000dbe00000|100%| E|CS|TAMS 0x00000000dbd00000, 0x00000000dbd00000| Complete 
| 958|0x00000000dbe00000, 0x00000000dbf00000, 0x00000000dbf00000|100%| E|CS|TAMS 0x00000000dbe00000, 0x00000000dbe00000| Complete 
| 959|0x00000000dbf00000, 0x00000000dc000000, 0x00000000dc000000|100%| E|CS|TAMS 0x00000000dbf00000, 0x00000000dbf00000| Complete 
| 960|0x00000000dc000000, 0x00000000dc100000, 0x00000000dc100000|100%| E|CS|TAMS 0x00000000dc000000, 0x00000000dc000000| Complete 
| 961|0x00000000dc100000, 0x00000000dc200000, 0x00000000dc200000|100%| E|CS|TAMS 0x00000000dc100000, 0x00000000dc100000| Complete 
| 962|0x00000000dc200000, 0x00000000dc300000, 0x00000000dc300000|100%| E|CS|TAMS 0x00000000dc200000, 0x00000000dc200000| Complete 
| 963|0x00000000dc300000, 0x00000000dc400000, 0x00000000dc400000|100%| E|CS|TAMS 0x00000000dc300000, 0x00000000dc300000| Complete 
| 964|0x00000000dc400000, 0x00000000dc500000, 0x00000000dc500000|100%| E|CS|TAMS 0x00000000dc400000, 0x00000000dc400000| Complete 
| 965|0x00000000dc500000, 0x00000000dc600000, 0x00000000dc600000|100%| E|CS|TAMS 0x00000000dc500000, 0x00000000dc500000| Complete 
| 966|0x00000000dc600000, 0x00000000dc700000, 0x00000000dc700000|100%| E|CS|TAMS 0x00000000dc600000, 0x00000000dc600000| Complete 
| 967|0x00000000dc700000, 0x00000000dc800000, 0x00000000dc800000|100%| E|CS|TAMS 0x00000000dc700000, 0x00000000dc700000| Complete 
| 968|0x00000000dc800000, 0x00000000dc900000, 0x00000000dc900000|100%| E|CS|TAMS 0x00000000dc800000, 0x00000000dc800000| Complete 
| 969|0x00000000dc900000, 0x00000000dca00000, 0x00000000dca00000|100%| E|CS|TAMS 0x00000000dc900000, 0x00000000dc900000| Complete 
| 970|0x00000000dca00000, 0x00000000dcb00000, 0x00000000dcb00000|100%| E|CS|TAMS 0x00000000dca00000, 0x00000000dca00000| Complete 
| 971|0x00000000dcb00000, 0x00000000dcc00000, 0x00000000dcc00000|100%| E|CS|TAMS 0x00000000dcb00000, 0x00000000dcb00000| Complete 
| 972|0x00000000dcc00000, 0x00000000dcd00000, 0x00000000dcd00000|100%| E|CS|TAMS 0x00000000dcc00000, 0x00000000dcc00000| Complete 
| 973|0x00000000dcd00000, 0x00000000dce00000, 0x00000000dce00000|100%| E|CS|TAMS 0x00000000dcd00000, 0x00000000dcd00000| Complete 
| 974|0x00000000dce00000, 0x00000000dcf00000, 0x00000000dcf00000|100%| E|CS|TAMS 0x00000000dce00000, 0x00000000dce00000| Complete 
| 975|0x00000000dcf00000, 0x00000000dd000000, 0x00000000dd000000|100%| E|CS|TAMS 0x00000000dcf00000, 0x00000000dcf00000| Complete 
| 976|0x00000000dd000000, 0x00000000dd100000, 0x00000000dd100000|100%| E|CS|TAMS 0x00000000dd000000, 0x00000000dd000000| Complete 
| 977|0x00000000dd100000, 0x00000000dd200000, 0x00000000dd200000|100%| E|CS|TAMS 0x00000000dd100000, 0x00000000dd100000| Complete 
| 978|0x00000000dd200000, 0x00000000dd300000, 0x00000000dd300000|100%| E|CS|TAMS 0x00000000dd200000, 0x00000000dd200000| Complete 
| 979|0x00000000dd300000, 0x00000000dd400000, 0x00000000dd400000|100%| E|CS|TAMS 0x00000000dd300000, 0x00000000dd300000| Complete 
| 980|0x00000000dd400000, 0x00000000dd500000, 0x00000000dd500000|100%| E|CS|TAMS 0x00000000dd400000, 0x00000000dd400000| Complete 
| 981|0x00000000dd500000, 0x00000000dd600000, 0x00000000dd600000|100%| E|CS|TAMS 0x00000000dd500000, 0x00000000dd500000| Complete 
| 982|0x00000000dd600000, 0x00000000dd700000, 0x00000000dd700000|100%| E|CS|TAMS 0x00000000dd600000, 0x00000000dd600000| Complete 
| 983|0x00000000dd700000, 0x00000000dd800000, 0x00000000dd800000|100%| E|CS|TAMS 0x00000000dd700000, 0x00000000dd700000| Complete 
| 984|0x00000000dd800000, 0x00000000dd900000, 0x00000000dd900000|100%| E|CS|TAMS 0x00000000dd800000, 0x00000000dd800000| Complete 
| 985|0x00000000dd900000, 0x00000000dda00000, 0x00000000dda00000|100%| E|CS|TAMS 0x00000000dd900000, 0x00000000dd900000| Complete 
| 986|0x00000000dda00000, 0x00000000ddb00000, 0x00000000ddb00000|100%| E|CS|TAMS 0x00000000dda00000, 0x00000000dda00000| Complete 
| 987|0x00000000ddb00000, 0x00000000ddc00000, 0x00000000ddc00000|100%| E|CS|TAMS 0x00000000ddb00000, 0x00000000ddb00000| Complete 
| 988|0x00000000ddc00000, 0x00000000ddd00000, 0x00000000ddd00000|100%| E|CS|TAMS 0x00000000ddc00000, 0x00000000ddc00000| Complete 
| 989|0x00000000ddd00000, 0x00000000dde00000, 0x00000000dde00000|100%| E|CS|TAMS 0x00000000ddd00000, 0x00000000ddd00000| Complete 
| 990|0x00000000dde00000, 0x00000000ddf00000, 0x00000000ddf00000|100%| E|CS|TAMS 0x00000000dde00000, 0x00000000dde00000| Complete 
| 991|0x00000000ddf00000, 0x00000000de000000, 0x00000000de000000|100%| E|CS|TAMS 0x00000000ddf00000, 0x00000000ddf00000| Complete 
| 992|0x00000000de000000, 0x00000000de100000, 0x00000000de100000|100%| E|CS|TAMS 0x00000000de000000, 0x00000000de000000| Complete 
| 993|0x00000000de100000, 0x00000000de200000, 0x00000000de200000|100%| E|CS|TAMS 0x00000000de100000, 0x00000000de100000| Complete 
| 994|0x00000000de200000, 0x00000000de300000, 0x00000000de300000|100%| E|CS|TAMS 0x00000000de200000, 0x00000000de200000| Complete 
| 995|0x00000000de300000, 0x00000000de400000, 0x00000000de400000|100%| E|CS|TAMS 0x00000000de300000, 0x00000000de300000| Complete 
| 996|0x00000000de400000, 0x00000000de500000, 0x00000000de500000|100%| E|CS|TAMS 0x00000000de400000, 0x00000000de400000| Complete 
| 997|0x00000000de500000, 0x00000000de600000, 0x00000000de600000|100%| E|CS|TAMS 0x00000000de500000, 0x00000000de500000| Complete 
| 998|0x00000000de600000, 0x00000000de700000, 0x00000000de700000|100%| E|CS|TAMS 0x00000000de600000, 0x00000000de600000| Complete 
| 999|0x00000000de700000, 0x00000000de800000, 0x00000000de800000|100%| E|CS|TAMS 0x00000000de700000, 0x00000000de700000| Complete 
|1000|0x00000000de800000, 0x00000000de900000, 0x00000000de900000|100%| E|CS|TAMS 0x00000000de800000, 0x00000000de800000| Complete 
|1001|0x00000000de900000, 0x00000000dea00000, 0x00000000dea00000|100%| E|CS|TAMS 0x00000000de900000, 0x00000000de900000| Complete 
|1002|0x00000000dea00000, 0x00000000deb00000, 0x00000000deb00000|100%| E|CS|TAMS 0x00000000dea00000, 0x00000000dea00000| Complete 
|1003|0x00000000deb00000, 0x00000000dec00000, 0x00000000dec00000|100%| E|CS|TAMS 0x00000000deb00000, 0x00000000deb00000| Complete 
|1004|0x00000000dec00000, 0x00000000ded00000, 0x00000000ded00000|100%| E|CS|TAMS 0x00000000dec00000, 0x00000000dec00000| Complete 
|1005|0x00000000ded00000, 0x00000000dee00000, 0x00000000dee00000|100%| E|CS|TAMS 0x00000000ded00000, 0x00000000ded00000| Complete 
|1006|0x00000000dee00000, 0x00000000def00000, 0x00000000def00000|100%| E|CS|TAMS 0x00000000dee00000, 0x00000000dee00000| Complete 
|1007|0x00000000def00000, 0x00000000df000000, 0x00000000df000000|100%| E|CS|TAMS 0x00000000def00000, 0x00000000def00000| Complete 
|1008|0x00000000df000000, 0x00000000df100000, 0x00000000df100000|100%| E|CS|TAMS 0x00000000df000000, 0x00000000df000000| Complete 
|1009|0x00000000df100000, 0x00000000df200000, 0x00000000df200000|100%| E|CS|TAMS 0x00000000df100000, 0x00000000df100000| Complete 
|1010|0x00000000df200000, 0x00000000df300000, 0x00000000df300000|100%| E|CS|TAMS 0x00000000df200000, 0x00000000df200000| Complete 
|1011|0x00000000df300000, 0x00000000df400000, 0x00000000df400000|100%| E|CS|TAMS 0x00000000df300000, 0x00000000df300000| Complete 
|1012|0x00000000df400000, 0x00000000df500000, 0x00000000df500000|100%| E|CS|TAMS 0x00000000df400000, 0x00000000df400000| Complete 
|1013|0x00000000df500000, 0x00000000df600000, 0x00000000df600000|100%| E|CS|TAMS 0x00000000df500000, 0x00000000df500000| Complete 
|1014|0x00000000df600000, 0x00000000df700000, 0x00000000df700000|100%| E|CS|TAMS 0x00000000df600000, 0x00000000df600000| Complete 
|1015|0x00000000df700000, 0x00000000df800000, 0x00000000df800000|100%| E|CS|TAMS 0x00000000df700000, 0x00000000df700000| Complete 
|1016|0x00000000df800000, 0x00000000df900000, 0x00000000df900000|100%| E|CS|TAMS 0x00000000df800000, 0x00000000df800000| Complete 
|1017|0x00000000df900000, 0x00000000dfa00000, 0x00000000dfa00000|100%| E|CS|TAMS 0x00000000df900000, 0x00000000df900000| Complete 
|1018|0x00000000dfa00000, 0x00000000dfb00000, 0x00000000dfb00000|100%| E|CS|TAMS 0x00000000dfa00000, 0x00000000dfa00000| Complete 
|1019|0x00000000dfb00000, 0x00000000dfc00000, 0x00000000dfc00000|100%| E|CS|TAMS 0x00000000dfb00000, 0x00000000dfb00000| Complete 
|1020|0x00000000dfc00000, 0x00000000dfd00000, 0x00000000dfd00000|100%| E|CS|TAMS 0x00000000dfc00000, 0x00000000dfc00000| Complete 
|1021|0x00000000dfd00000, 0x00000000dfe00000, 0x00000000dfe00000|100%| E|CS|TAMS 0x00000000dfd00000, 0x00000000dfd00000| Complete 
|1022|0x00000000dfe00000, 0x00000000dff00000, 0x00000000dff00000|100%| E|CS|TAMS 0x00000000dfe00000, 0x00000000dfe00000| Complete 
|1023|0x00000000dff00000, 0x00000000e0000000, 0x00000000e0000000|100%| E|CS|TAMS 0x00000000dff00000, 0x00000000dff00000| Complete 
|1024|0x00000000e0000000, 0x00000000e0100000, 0x00000000e0100000|100%| E|CS|TAMS 0x00000000e0000000, 0x00000000e0000000| Complete 
|1025|0x00000000e0100000, 0x00000000e0200000, 0x00000000e0200000|100%| E|CS|TAMS 0x00000000e0100000, 0x00000000e0100000| Complete 
|1026|0x00000000e0200000, 0x00000000e0300000, 0x00000000e0300000|100%| E|CS|TAMS 0x00000000e0200000, 0x00000000e0200000| Complete 
|1027|0x00000000e0300000, 0x00000000e0400000, 0x00000000e0400000|100%| E|CS|TAMS 0x00000000e0300000, 0x00000000e0300000| Complete 
|1028|0x00000000e0400000, 0x00000000e0500000, 0x00000000e0500000|100%| E|CS|TAMS 0x00000000e0400000, 0x00000000e0400000| Complete 
|1029|0x00000000e0500000, 0x00000000e0600000, 0x00000000e0600000|100%| E|CS|TAMS 0x00000000e0500000, 0x00000000e0500000| Complete 
|1030|0x00000000e0600000, 0x00000000e0700000, 0x00000000e0700000|100%| E|CS|TAMS 0x00000000e0600000, 0x00000000e0600000| Complete 
|1031|0x00000000e0700000, 0x00000000e0800000, 0x00000000e0800000|100%| E|CS|TAMS 0x00000000e0700000, 0x00000000e0700000| Complete 
|1032|0x00000000e0800000, 0x00000000e0900000, 0x00000000e0900000|100%| E|CS|TAMS 0x00000000e0800000, 0x00000000e0800000| Complete 
|1033|0x00000000e0900000, 0x00000000e0a00000, 0x00000000e0a00000|100%| E|CS|TAMS 0x00000000e0900000, 0x00000000e0900000| Complete 
|1034|0x00000000e0a00000, 0x00000000e0b00000, 0x00000000e0b00000|100%| E|CS|TAMS 0x00000000e0a00000, 0x00000000e0a00000| Complete 
|1035|0x00000000e0b00000, 0x00000000e0c00000, 0x00000000e0c00000|100%| E|CS|TAMS 0x00000000e0b00000, 0x00000000e0b00000| Complete 
|1036|0x00000000e0c00000, 0x00000000e0d00000, 0x00000000e0d00000|100%| E|CS|TAMS 0x00000000e0c00000, 0x00000000e0c00000| Complete 
|1037|0x00000000e0d00000, 0x00000000e0e00000, 0x00000000e0e00000|100%| E|CS|TAMS 0x00000000e0d00000, 0x00000000e0d00000| Complete 
|1038|0x00000000e0e00000, 0x00000000e0f00000, 0x00000000e0f00000|100%| E|CS|TAMS 0x00000000e0e00000, 0x00000000e0e00000| Complete 
|1039|0x00000000e0f00000, 0x00000000e1000000, 0x00000000e1000000|100%| E|CS|TAMS 0x00000000e0f00000, 0x00000000e0f00000| Complete 
|1040|0x00000000e1000000, 0x00000000e10deae0, 0x00000000e1100000| 86%| S|CS|TAMS 0x00000000e1000000, 0x00000000e1000000| Complete 
|1041|0x00000000e1100000, 0x00000000e1200000, 0x00000000e1200000|100%| S|CS|TAMS 0x00000000e1100000, 0x00000000e1100000| Complete 
|1042|0x00000000e1200000, 0x00000000e1300000, 0x00000000e1300000|100%| S|CS|TAMS 0x00000000e1200000, 0x00000000e1200000| Complete 
|1043|0x00000000e1300000, 0x00000000e1400000, 0x00000000e1400000|100%| S|CS|TAMS 0x00000000e1300000, 0x00000000e1300000| Complete 
|1044|0x00000000e1400000, 0x00000000e1500000, 0x00000000e1500000|100%| S|CS|TAMS 0x00000000e1400000, 0x00000000e1400000| Complete 
|1045|0x00000000e1500000, 0x00000000e1600000, 0x00000000e1600000|100%| S|CS|TAMS 0x00000000e1500000, 0x00000000e1500000| Complete 
|1046|0x00000000e1600000, 0x00000000e1700000, 0x00000000e1700000|100%| S|CS|TAMS 0x00000000e1600000, 0x00000000e1600000| Complete 
|1047|0x00000000e1700000, 0x00000000e1800000, 0x00000000e1800000|100%| S|CS|TAMS 0x00000000e1700000, 0x00000000e1700000| Complete 
|1048|0x00000000e1800000, 0x00000000e1900000, 0x00000000e1900000|100%| S|CS|TAMS 0x00000000e1800000, 0x00000000e1800000| Complete 
|1049|0x00000000e1900000, 0x00000000e1a00000, 0x00000000e1a00000|100%| S|CS|TAMS 0x00000000e1900000, 0x00000000e1900000| Complete 
|1050|0x00000000e1a00000, 0x00000000e1b00000, 0x00000000e1b00000|100%| E|CS|TAMS 0x00000000e1a00000, 0x00000000e1a00000| Complete 
|1051|0x00000000e1b00000, 0x00000000e1c00000, 0x00000000e1c00000|100%| E|CS|TAMS 0x00000000e1b00000, 0x00000000e1b00000| Complete 
|1052|0x00000000e1c00000, 0x00000000e1d00000, 0x00000000e1d00000|100%| E|CS|TAMS 0x00000000e1c00000, 0x00000000e1c00000| Complete 
|1053|0x00000000e1d00000, 0x00000000e1e00000, 0x00000000e1e00000|100%| E|CS|TAMS 0x00000000e1d00000, 0x00000000e1d00000| Complete 
|1054|0x00000000e1e00000, 0x00000000e1f00000, 0x00000000e1f00000|100%| E|CS|TAMS 0x00000000e1e00000, 0x00000000e1e00000| Complete 
|1055|0x00000000e1f00000, 0x00000000e2000000, 0x00000000e2000000|100%| E|CS|TAMS 0x00000000e1f00000, 0x00000000e1f00000| Complete 
|1056|0x00000000e2000000, 0x00000000e2100000, 0x00000000e2100000|100%| E|CS|TAMS 0x00000000e2000000, 0x00000000e2000000| Complete 
|1057|0x00000000e2100000, 0x00000000e2200000, 0x00000000e2200000|100%| S|CS|TAMS 0x00000000e2100000, 0x00000000e2100000| Complete 
|1058|0x00000000e2200000, 0x00000000e2300000, 0x00000000e2300000|100%| S|CS|TAMS 0x00000000e2200000, 0x00000000e2200000| Complete 
|1059|0x00000000e2300000, 0x00000000e2400000, 0x00000000e2400000|100%| S|CS|TAMS 0x00000000e2300000, 0x00000000e2300000| Complete 
|1060|0x00000000e2400000, 0x00000000e2500000, 0x00000000e2500000|100%| S|CS|TAMS 0x00000000e2400000, 0x00000000e2400000| Complete 
|1061|0x00000000e2500000, 0x00000000e2600000, 0x00000000e2600000|100%| S|CS|TAMS 0x00000000e2500000, 0x00000000e2500000| Complete 
|1062|0x00000000e2600000, 0x00000000e2700000, 0x00000000e2700000|100%| E|CS|TAMS 0x00000000e2600000, 0x00000000e2600000| Complete 
|1063|0x00000000e2700000, 0x00000000e2800000, 0x00000000e2800000|100%| E|CS|TAMS 0x00000000e2700000, 0x00000000e2700000| Complete 
|1064|0x00000000e2800000, 0x00000000e2900000, 0x00000000e2900000|100%| E|CS|TAMS 0x00000000e2800000, 0x00000000e2800000| Complete 
|1065|0x00000000e2900000, 0x00000000e2a00000, 0x00000000e2a00000|100%| E|CS|TAMS 0x00000000e2900000, 0x00000000e2900000| Complete 
|1066|0x00000000e2a00000, 0x00000000e2b00000, 0x00000000e2b00000|100%| E|CS|TAMS 0x00000000e2a00000, 0x00000000e2a00000| Complete 
|1067|0x00000000e2b00000, 0x00000000e2c00000, 0x00000000e2c00000|100%| E|CS|TAMS 0x00000000e2b00000, 0x00000000e2b00000| Complete 
|1068|0x00000000e2c00000, 0x00000000e2d00000, 0x00000000e2d00000|100%| E|CS|TAMS 0x00000000e2c00000, 0x00000000e2c00000| Complete 
|1069|0x00000000e2d00000, 0x00000000e2e00000, 0x00000000e2e00000|100%| E|CS|TAMS 0x00000000e2d00000, 0x00000000e2d00000| Complete 
|1070|0x00000000e2e00000, 0x00000000e2f00000, 0x00000000e2f00000|100%| E|CS|TAMS 0x00000000e2e00000, 0x00000000e2e00000| Complete 
|1071|0x00000000e2f00000, 0x00000000e3000000, 0x00000000e3000000|100%| E|CS|TAMS 0x00000000e2f00000, 0x00000000e2f00000| Complete 
|1072|0x00000000e3000000, 0x00000000e3100000, 0x00000000e3100000|100%| E|CS|TAMS 0x00000000e3000000, 0x00000000e3000000| Complete 
|1073|0x00000000e3100000, 0x00000000e3200000, 0x00000000e3200000|100%| E|CS|TAMS 0x00000000e3100000, 0x00000000e3100000| Complete 
|1074|0x00000000e3200000, 0x00000000e3300000, 0x00000000e3300000|100%| E|CS|TAMS 0x00000000e3200000, 0x00000000e3200000| Complete 
|1075|0x00000000e3300000, 0x00000000e3400000, 0x00000000e3400000|100%| E|CS|TAMS 0x00000000e3300000, 0x00000000e3300000| Complete 
|1076|0x00000000e3400000, 0x00000000e3500000, 0x00000000e3500000|100%| E|CS|TAMS 0x00000000e3400000, 0x00000000e3400000| Complete 
|1077|0x00000000e3500000, 0x00000000e3600000, 0x00000000e3600000|100%| E|CS|TAMS 0x00000000e3500000, 0x00000000e3500000| Complete 
|1078|0x00000000e3600000, 0x00000000e3700000, 0x00000000e3700000|100%| E|CS|TAMS 0x00000000e3600000, 0x00000000e3600000| Complete 
|1079|0x00000000e3700000, 0x00000000e3800000, 0x00000000e3800000|100%| E|CS|TAMS 0x00000000e3700000, 0x00000000e3700000| Complete 
|1080|0x00000000e3800000, 0x00000000e3900000, 0x00000000e3900000|100%| E|CS|TAMS 0x00000000e3800000, 0x00000000e3800000| Complete 
|1081|0x00000000e3900000, 0x00000000e3a00000, 0x00000000e3a00000|100%| E|CS|TAMS 0x00000000e3900000, 0x00000000e3900000| Complete 
|1530|0x00000000ffa00000, 0x00000000ffb00000, 0x00000000ffb00000|100%| E|CS|TAMS 0x00000000ffa00000, 0x00000000ffa00000| Complete 
|1531|0x00000000ffb00000, 0x00000000ffc00000, 0x00000000ffc00000|100%| E|CS|TAMS 0x00000000ffb00000, 0x00000000ffb00000| Complete 
|1532|0x00000000ffc00000, 0x00000000ffd00000, 0x00000000ffd00000|100%| E|CS|TAMS 0x00000000ffc00000, 0x00000000ffc00000| Complete 
|1533|0x00000000ffd00000, 0x00000000ffe00000, 0x00000000ffe00000|100%| E|CS|TAMS 0x00000000ffd00000, 0x00000000ffd00000| Complete 
|1534|0x00000000ffe00000, 0x00000000fff00000, 0x00000000fff00000|100%| E|CS|TAMS 0x00000000ffe00000, 0x00000000ffe00000| Complete 
|1535|0x00000000fff00000, 0x0000000100000000, 0x0000000100000000|100%| E|CS|TAMS 0x00000000fff00000, 0x00000000fff00000| Complete 

Card table byte_map: [0x0000024b43050000,0x0000024b43350000] _byte_map_base: 0x0000024b42b50000

Marking Bits (Prev, Next): (CMBitMap*) 0x0000024b3058a9c0, (CMBitMap*) 0x0000024b3058a980
 Prev Bits: [0x0000024b44e50000, 0x0000024b46650000)
 Next Bits: [0x0000024b43650000, 0x0000024b44e50000)

Polling page: 0x0000024b2e520000

Metaspace:

Usage:
  Non-class:    303.45 MB used.
      Class:     46.12 MB used.
       Both:    349.57 MB used.

Virtual space:
  Non-class space:      312.00 MB reserved,     305.44 MB ( 98%) committed,  39 nodes.
      Class space:        1.00 GB reserved,      47.56 MB (  5%) committed,  1 nodes.
             Both:        1.30 GB reserved,     353.00 MB ( 26%) committed. 

Chunk freelists:
   Non-Class:  2.23 MB
       Class:  762.00 KB
        Both:  2.98 MB

MaxMetaspaceSize: unlimited
CompressedClassSpaceSize: 1.00 GB
Initial GC threshold: 21.00 MB
Current GC threshold: 588.38 MB
CDS: off
MetaspaceReclaimPolicy: balanced
 - commit_granule_bytes: 65536.
 - commit_granule_words: 8192.
 - virtual_space_node_default_size: 1048576.
 - enlarge_chunks_in_place: 1.
 - new_chunks_are_fully_committed: 0.
 - uncommit_free_chunks: 1.
 - use_allocation_guard: 0.
 - handle_deallocations: 1.


Internal statistics:

num_allocs_failed_limit: 9.
num_arena_births: 10932.
num_arena_deaths: 6328.
num_vsnodes_births: 40.
num_vsnodes_deaths: 0.
num_space_committed: 6056.
num_space_uncommitted: 413.
num_chunks_returned_to_freelist: 9527.
num_chunks_taken_from_freelist: 30117.
num_chunk_merges: 2896.
num_chunk_splits: 17221.
num_chunks_enlarged: 10320.
num_purges: 60.
num_inconsistent_stats: 0.

CodeHeap 'non-profiled nmethods': size=120000Kb used=65927Kb max_used=65927Kb free=54072Kb
 bounds [0x0000024b3b4e0000, 0x0000024b3f550000, 0x0000024b42a10000]
CodeHeap 'profiled nmethods': size=120000Kb used=116577Kb max_used=118866Kb free=3422Kb
 bounds [0x0000024b33a10000, 0x0000024b3ae30000, 0x0000024b3af40000]
CodeHeap 'non-nmethods': size=5760Kb used=2619Kb max_used=2735Kb free=3140Kb
 bounds [0x0000024b3af40000, 0x0000024b3b200000, 0x0000024b3b4e0000]
 total_blobs=62103 nmethods=60916 adapters=1092
 compilation: enabled
              stopped_count=0, restarted_count=0
 full_count=0

Compilation events (20 events):
Event: 26495.918 Thread 0x0000024b49c81910 nmethod 83757 0x0000024b3f536190 code [0x0000024b3f536620, 0x0000024b3f53a168]
Event: 26495.930 Thread 0x0000024b60d24950 83758       4       org.gradle.api.internal.artifacts.repositories.resolver.MavenResolver$MavenLocalRepositoryAccess::<init> (6 bytes)
Event: 26495.930 Thread 0x0000024b49c81910 83759       4       org.gradle.api.internal.artifacts.repositories.resolver.MavenResolver$MavenRemoteRepositoryAccess::<init> (6 bytes)
Event: 26495.933 Thread 0x0000024b60d24950 nmethod 83758 0x0000024b3f53cd10 code [0x0000024b3f53ce80, 0x0000024b3f53d178]
Event: 26495.933 Thread 0x0000024b49c81910 nmethod 83759 0x0000024b3f53d210 code [0x0000024b3f53d380, 0x0000024b3f53d678]
Event: 26495.955 Thread 0x0000024b49c81910 83760       4       org.gradle.internal.snapshot.impl.BooleanValueSnapshot::equals (6 bytes)
Event: 26495.956 Thread 0x0000024b49c81910 nmethod 83760 0x0000024b3f53d710 code [0x0000024b3f53d8a0, 0x0000024b3f53d998]
Event: 26495.984 Thread 0x0000024b49c81910 83761       4       org.gradle.api.internal.file.FileCollectionBackedFileTree$2::visitCollection (98 bytes)
Event: 26495.984 Thread 0x0000024b60d24950 83762       4       org.gradle.internal.execution.history.changes.OutputFileChanges::accept (21 bytes)
Event: 26495.985 Thread 0x0000024b60d24950 nmethod 83762 0x0000024b3f53da90 code [0x0000024b3f53dc20, 0x0000024b3f53dd48]
Event: 26495.987 Thread 0x0000024b60d24950 83763       4       org.gradle.api.tasks.AbstractCopyTask$$Lambda$887/0x0000000100861150::call (10 bytes)
Event: 26495.995 Thread 0x0000024b60d24950 nmethod 83763 0x0000024b3f53de10 code [0x0000024b3f53dfc0, 0x0000024b3f53e508]
Event: 26496.004 Thread 0x0000024b60d24950 83764       4       org.gradle.execution.plan.ResolveMutationsNode::getOwningProject (8 bytes)
Event: 26496.007 Thread 0x0000024b60d24950 nmethod 83764 0x0000024b3f53e810 code [0x0000024b3f53e9c0, 0x0000024b3f53eb58]
Event: 26496.007 Thread 0x0000024b60d24950 83765   !   4       org.gradle.execution.plan.ResolveMutationsNode::execute (42 bytes)
Event: 26496.031 Thread 0x0000024b49c81910 nmethod 83761 0x0000024b3f53ee10 code [0x0000024b3f53f0c0, 0x0000024b3f540558]
Event: 26496.044 Thread 0x0000024b49c81910 83766   !   4       jdk.internal.reflect.GeneratedMethodAccessor100::invoke (68 bytes)
Event: 26496.045 Thread 0x0000024b49c81910 nmethod 83766 0x0000024b3f541390 code [0x0000024b3f541520, 0x0000024b3f541658]
Event: 26496.055 Thread 0x0000024b49c81910 83767   !   4       jdk.internal.reflect.GeneratedMethodAccessor101::invoke (76 bytes)
Event: 26496.058 Thread 0x0000024b49c81910 nmethod 83767 0x0000024b3f541810 code [0x0000024b3f5419a0, 0x0000024b3f541b98]

GC Heap History (20 events):
Event: 22912.443 GC heap before
{Heap before GC invocations=278 (full 1):
 garbage-first heap   total 1114112K, used 559313K [0x00000000a0000000, 0x0000000100000000)
  region size 1024K, 199 young (203776K), 5 survivors (5120K)
 Metaspace       used 357934K, committed 360576K, reserved 1368064K
  class space    used 47225K, committed 48448K, reserved 1048576K
}
Event: 22912.468 GC heap after
{Heap after GC invocations=279 (full 1):
 garbage-first heap   total 1114112K, used 386509K [0x00000000a0000000, 0x0000000100000000)
  region size 1024K, 30 young (30720K), 30 survivors (30720K)
 Metaspace       used 357934K, committed 360576K, reserved 1368064K
  class space    used 47225K, committed 48448K, reserved 1048576K
}
Event: 22978.532 GC heap before
{Heap before GC invocations=280 (full 1):
 garbage-first heap   total 1114112K, used 877005K [0x00000000a0000000, 0x0000000100000000)
  region size 1024K, 539 young (551936K), 30 survivors (30720K)
 Metaspace       used 358074K, committed 360768K, reserved 1368064K
  class space    used 47259K, committed 48512K, reserved 1048576K
}
Event: 22978.578 GC heap after
{Heap after GC invocations=281 (full 1):
 garbage-first heap   total 1114112K, used 384721K [0x00000000a0000000, 0x0000000100000000)
  region size 1024K, 64 young (65536K), 64 survivors (65536K)
 Metaspace       used 358074K, committed 360768K, reserved 1368064K
  class space    used 47259K, committed 48512K, reserved 1048576K
}
Event: 22978.582 GC heap before
{Heap before GC invocations=281 (full 1):
 garbage-first heap   total 1114112K, used 385745K [0x00000000a0000000, 0x0000000100000000)
  region size 1024K, 65 young (66560K), 64 survivors (65536K)
 Metaspace       used 358074K, committed 360768K, reserved 1368064K
  class space    used 47259K, committed 48512K, reserved 1048576K
}
Event: 22978.624 GC heap after
{Heap after GC invocations=282 (full 1):
 garbage-first heap   total 1114112K, used 362733K [0x00000000a0000000, 0x0000000100000000)
  region size 1024K, 4 young (4096K), 4 survivors (4096K)
 Metaspace       used 358074K, committed 360768K, reserved 1368064K
  class space    used 47259K, committed 48512K, reserved 1048576K
}
Event: 22978.632 GC heap before
{Heap before GC invocations=282 (full 1):
 garbage-first heap   total 1114112K, used 364781K [0x00000000a0000000, 0x0000000100000000)
  region size 1024K, 7 young (7168K), 4 survivors (4096K)
 Metaspace       used 358074K, committed 360768K, reserved 1368064K
  class space    used 47259K, committed 48512K, reserved 1048576K
}
Event: 22978.635 GC heap after
{Heap after GC invocations=283 (full 1):
 garbage-first heap   total 1114112K, used 360333K [0x00000000a0000000, 0x0000000100000000)
  region size 1024K, 3 young (3072K), 3 survivors (3072K)
 Metaspace       used 358074K, committed 360768K, reserved 1368064K
  class space    used 47259K, committed 48512K, reserved 1048576K
}
Event: 23382.156 GC heap before
{Heap before GC invocations=284 (full 1):
 garbage-first heap   total 1114112K, used 892100K [0x00000000a0000000, 0x0000000100000000)
  region size 1024K, 538 young (550912K), 3 survivors (3072K)
 Metaspace       used 358024K, committed 360768K, reserved 1368064K
  class space    used 47271K, committed 48512K, reserved 1048576K
}
Event: 23382.185 GC heap after
{Heap after GC invocations=285 (full 1):
 garbage-first heap   total 1114112K, used 366302K [0x00000000a0000000, 0x0000000100000000)
  region size 1024K, 34 young (34816K), 34 survivors (34816K)
 Metaspace       used 358024K, committed 360768K, reserved 1368064K
  class space    used 47271K, committed 48512K, reserved 1048576K
}
Event: 23382.359 GC heap before
{Heap before GC invocations=285 (full 1):
 garbage-first heap   total 1114112K, used 385758K [0x00000000a0000000, 0x0000000100000000)
  region size 1024K, 54 young (55296K), 34 survivors (34816K)
 Metaspace       used 358028K, committed 360768K, reserved 1368064K
  class space    used 47272K, committed 48512K, reserved 1048576K
}
Event: 23382.387 GC heap after
{Heap after GC invocations=286 (full 1):
 garbage-first heap   total 1114112K, used 325703K [0x00000000a0000000, 0x0000000100000000)
  region size 1024K, 4 young (4096K), 4 survivors (4096K)
 Metaspace       used 358028K, committed 360768K, reserved 1368064K
  class space    used 47272K, committed 48512K, reserved 1048576K
}
Event: 23383.833 GC heap before
{Heap before GC invocations=286 (full 1):
 garbage-first heap   total 1114112K, used 403527K [0x00000000a0000000, 0x0000000100000000)
  region size 1024K, 82 young (83968K), 4 survivors (4096K)
 Metaspace       used 358046K, committed 360768K, reserved 1368064K
  class space    used 47275K, committed 48512K, reserved 1048576K
}
Event: 23383.841 GC heap after
{Heap after GC invocations=287 (full 1):
 garbage-first heap   total 1114112K, used 328956K [0x00000000a0000000, 0x0000000100000000)
  region size 1024K, 8 young (8192K), 8 survivors (8192K)
 Metaspace       used 358046K, committed 360768K, reserved 1368064K
  class space    used 47275K, committed 48512K, reserved 1048576K
}
Event: 26480.599 GC heap before
{Heap before GC invocations=288 (full 1):
 garbage-first heap   total 1114112K, used 1071356K [0x00000000a0000000, 0x0000000100000000)
  region size 1024K, 389 young (398336K), 8 survivors (8192K)
 Metaspace       used 358783K, committed 361664K, reserved 1368064K
  class space    used 47395K, committed 48704K, reserved 1048576K
}
Event: 26480.632 GC heap after
{Heap after GC invocations=289 (full 1):
 garbage-first heap   total 1114112K, used 340542K [0x00000000a0000000, 0x0000000100000000)
  region size 1024K, 23 young (23552K), 23 survivors (23552K)
 Metaspace       used 358783K, committed 361664K, reserved 1368064K
  class space    used 47395K, committed 48704K, reserved 1048576K
}
Event: 26480.825 GC heap before
{Heap before GC invocations=289 (full 1):
 garbage-first heap   total 1114112K, used 371262K [0x00000000a0000000, 0x0000000100000000)
  region size 1024K, 54 young (55296K), 23 survivors (23552K)
 Metaspace       used 358783K, committed 361664K, reserved 1368064K
  class space    used 47395K, committed 48704K, reserved 1048576K
}
Event: 26480.857 GC heap after
{Heap after GC invocations=290 (full 1):
 garbage-first heap   total 1114112K, used 317366K [0x00000000a0000000, 0x0000000100000000)
  region size 1024K, 7 young (7168K), 7 survivors (7168K)
 Metaspace       used 358783K, committed 361664K, reserved 1368064K
  class space    used 47395K, committed 48704K, reserved 1048576K
}
Event: 26481.002 GC heap before
{Heap before GC invocations=290 (full 1):
 garbage-first heap   total 1114112K, used 342966K [0x00000000a0000000, 0x0000000100000000)
  region size 1024K, 33 young (33792K), 7 survivors (7168K)
 Metaspace       used 358784K, committed 361664K, reserved 1368064K
  class space    used 47395K, committed 48704K, reserved 1048576K
}
Event: 26481.015 GC heap after
{Heap after GC invocations=291 (full 1):
 garbage-first heap   total 1114112K, used 325425K [0x00000000a0000000, 0x0000000100000000)
  region size 1024K, 15 young (15360K), 15 survivors (15360K)
 Metaspace       used 358784K, committed 361664K, reserved 1368064K
  class space    used 47395K, committed 48704K, reserved 1048576K
}

Dll operation events (2 events):
Event: 0.006 Loaded shared library C:\Program Files\Android\Android Studio1\jbr\bin\java.dll
Event: 0.443 Loaded shared library C:\Program Files\Android\Android Studio1\jbr\bin\verify.dll

Deoptimization events (20 events):
Event: 23395.457 Thread 0x0000024b5a286900 DEOPT PACKING pc=0x0000024b3ea94024 sp=0x0000004e2eafa6c0
Event: 23395.457 Thread 0x0000024b5a286900 DEOPT UNPACKING pc=0x0000024b3af969a3 sp=0x0000004e2eafa670 mode 2
Event: 23777.147 Thread 0x0000024b591b87b0 Uncommon trap: trap_request=0xffffffde fr.pc=0x0000024b3b974ebc relative=0x000000000000003c
Event: 23777.147 Thread 0x0000024b591b87b0 Uncommon trap: reason=class_check action=maybe_recompile pc=0x0000024b3b974ebc method=java.lang.StringConcatHelper.stringOf(Ljava/lang/Object;)Ljava/lang/String; @ 5 c2
Event: 23777.147 Thread 0x0000024b591b87b0 DEOPT PACKING pc=0x0000024b3b974ebc sp=0x0000004e2ebff1d0
Event: 23777.147 Thread 0x0000024b591b87b0 DEOPT UNPACKING pc=0x0000024b3af969a3 sp=0x0000004e2ebff160 mode 2
Event: 26479.760 Thread 0x0000024b5554bb20 Uncommon trap: trap_request=0xffffffbe fr.pc=0x0000024b3f41d488 relative=0x0000000000000ee8
Event: 26479.760 Thread 0x0000024b5554bb20 Uncommon trap: reason=profile_predicate action=maybe_recompile pc=0x0000024b3f41d488 method=java.util.concurrent.ConcurrentHashMap$Traverser.advance()Ljava/util/concurrent/ConcurrentHashMap$Node; @ 15 c2
Event: 26479.760 Thread 0x0000024b5554bb20 DEOPT PACKING pc=0x0000024b3f41d488 sp=0x0000004e279fdcd0
Event: 26479.760 Thread 0x0000024b5554bb20 DEOPT UNPACKING pc=0x0000024b3af969a3 sp=0x0000004e279fda98 mode 2
Event: 26481.049 Thread 0x0000024b5554bb20 DEOPT PACKING pc=0x0000024b38db59b7 sp=0x0000004e279f9da0
Event: 26481.049 Thread 0x0000024b5554bb20 DEOPT UNPACKING pc=0x0000024b3af97143 sp=0x0000004e279f9280 mode 0
Event: 26481.512 Thread 0x0000024b49c3d260 DEOPT PACKING pc=0x0000024b3a028909 sp=0x0000004e26dff010
Event: 26481.512 Thread 0x0000024b49c3d260 DEOPT UNPACKING pc=0x0000024b3af97143 sp=0x0000004e26dfe4b0 mode 0
Event: 26493.950 Thread 0x0000024b5a98b900 DEOPT PACKING pc=0x0000024b36df4c54 sp=0x0000004e2ecfc460
Event: 26493.950 Thread 0x0000024b5a98b900 DEOPT UNPACKING pc=0x0000024b3af97143 sp=0x0000004e2ecfb908 mode 0
Event: 26495.466 Thread 0x0000024b5a989280 Uncommon trap: trap_request=0xffffff54 fr.pc=0x0000024b3be1ead4 relative=0x0000000000000874
Event: 26495.466 Thread 0x0000024b5a989280 Uncommon trap: reason=speculate_null_assert action=make_not_entrant pc=0x0000024b3be1ead4 method=kotlin.reflect.jvm.internal.impl.protobuf.FieldSet.addRepeatedField(Lkotlin/reflect/jvm/internal/impl/protobuf/FieldSet$FieldDescriptorLite;Ljava/lang/Object;
Event: 26495.466 Thread 0x0000024b5a989280 DEOPT PACKING pc=0x0000024b3be1ead4 sp=0x0000004e2f6f9aa0
Event: 26495.467 Thread 0x0000024b5a989280 DEOPT UNPACKING pc=0x0000024b3af969a3 sp=0x0000004e2f6f9988 mode 2

Classes unloaded (20 events):
Event: 26481.276 Thread 0x0000024b49c1b040 Unloading class 0x000000010213bc00 'jdk/internal/reflect/GeneratedSerializationConstructorAccessor629'
Event: 26481.276 Thread 0x0000024b49c1b040 Unloading class 0x0000000101e8ac00 'jdk/internal/reflect/GeneratedSerializationConstructorAccessor628'
Event: 26481.276 Thread 0x0000024b49c1b040 Unloading class 0x0000000100f6c400 'jdk/internal/reflect/GeneratedSerializationConstructorAccessor627'
Event: 26481.276 Thread 0x0000024b49c1b040 Unloading class 0x0000000100fa1800 'jdk/internal/reflect/GeneratedMethodAccessor2275'
Event: 26481.276 Thread 0x0000024b49c1b040 Unloading class 0x0000000101092400 'jdk/internal/reflect/GeneratedSerializationConstructorAccessor626'
Event: 26481.276 Thread 0x0000024b49c1b040 Unloading class 0x00000001010a8000 'jdk/internal/reflect/GeneratedSerializationConstructorAccessor625'
Event: 26481.276 Thread 0x0000024b49c1b040 Unloading class 0x000000010241c000 'jdk/internal/reflect/GeneratedSerializationConstructorAccessor624'
Event: 26481.276 Thread 0x0000024b49c1b040 Unloading class 0x0000000102321c00 'jdk/internal/reflect/GeneratedSerializationConstructorAccessor623'
Event: 26481.276 Thread 0x0000024b49c1b040 Unloading class 0x0000000102ac8c00 'jdk/internal/reflect/GeneratedSerializationConstructorAccessor622'
Event: 26481.276 Thread 0x0000024b49c1b040 Unloading class 0x0000000102ac8000 'jdk/internal/reflect/GeneratedSerializationConstructorAccessor621'
Event: 26481.276 Thread 0x0000024b49c1b040 Unloading class 0x0000000102a6c400 'jdk/internal/reflect/GeneratedSerializationConstructorAccessor620'
Event: 26481.276 Thread 0x0000024b49c1b040 Unloading class 0x0000000100e7e800 'org/gradle/internal/logging/LoggingManagerInternal$captureStandardError'
Event: 26481.276 Thread 0x0000024b49c1b040 Unloading class 0x0000000102811c00 'jdk/internal/reflect/GeneratedMethodAccessor1898'
Event: 26481.276 Thread 0x0000024b49c1b040 Unloading class 0x0000000102811800 'jdk/internal/reflect/GeneratedMethodAccessor1897'
Event: 26481.276 Thread 0x0000024b49c1b040 Unloading class 0x0000000102811400 'jdk/internal/reflect/GeneratedMethodAccessor1896'
Event: 26481.276 Thread 0x0000024b49c1b040 Unloading class 0x0000000102811000 'jdk/internal/reflect/GeneratedMethodAccessor1895'
Event: 26481.276 Thread 0x0000024b49c1b040 Unloading class 0x0000000102810c00 'jdk/internal/reflect/GeneratedMethodAccessor1894'
Event: 26481.276 Thread 0x0000024b49c1b040 Unloading class 0x0000000102810800 'jdk/internal/reflect/GeneratedMethodAccessor1893'
Event: 26481.276 Thread 0x0000024b49c1b040 Unloading class 0x0000000102810400 'jdk/internal/reflect/GeneratedMethodAccessor1892'
Event: 26481.276 Thread 0x0000024b49c1b040 Unloading class 0x0000000102810000 'jdk/internal/reflect/GeneratedMethodAccessor1891'

Classes redefined (0 events):
No events

Internal exceptions (20 events):
Event: 26495.664 Thread 0x0000024b5af98b50 Exception <a 'sun/nio/fs/WindowsException'{0x00000000dd6ec2a0}> (0x00000000dd6ec2a0) 
thrown [s\src\hotspot\share\prims\jni.cpp, line 517]
Event: 26495.664 Thread 0x0000024b5ec15940 Exception <a 'sun/nio/fs/WindowsException'{0x00000000dd6c9300}> (0x00000000dd6c9300) 
thrown [s\src\hotspot\share\prims\jni.cpp, line 517]
Event: 26495.664 Thread 0x0000024b57fc2ed0 Exception <a 'sun/nio/fs/WindowsException'{0x00000000d9775980}> (0x00000000d9775980) 
thrown [s\src\hotspot\share\prims\jni.cpp, line 517]
Event: 26495.664 Thread 0x0000024b5af98b50 Exception <a 'sun/nio/fs/WindowsException'{0x00000000dd6ecb60}> (0x00000000dd6ecb60) 
thrown [s\src\hotspot\share\prims\jni.cpp, line 517]
Event: 26495.664 Thread 0x0000024b5ec15940 Exception <a 'sun/nio/fs/WindowsException'{0x00000000dd6c97b0}> (0x00000000dd6c97b0) 
thrown [s\src\hotspot\share\prims\jni.cpp, line 517]
Event: 26495.664 Thread 0x0000024b57fc2ed0 Exception <a 'sun/nio/fs/WindowsException'{0x00000000d9775e20}> (0x00000000d9775e20) 
thrown [s\src\hotspot\share\prims\jni.cpp, line 517]
Event: 26495.664 Thread 0x0000024b5af98b50 Exception <a 'sun/nio/fs/WindowsException'{0x00000000dd6ed010}> (0x00000000dd6ed010) 
thrown [s\src\hotspot\share\prims\jni.cpp, line 517]
Event: 26495.666 Thread 0x0000024b5ec15940 Exception <a 'sun/nio/fs/WindowsException'{0x00000000dd6d3ab0}> (0x00000000dd6d3ab0) 
thrown [s\src\hotspot\share\prims\jni.cpp, line 517]
Event: 26495.666 Thread 0x0000024b5ec15940 Exception <a 'sun/nio/fs/WindowsException'{0x00000000dd6d43a8}> (0x00000000dd6d43a8) 
thrown [s\src\hotspot\share\prims\jni.cpp, line 517]
Event: 26495.666 Thread 0x0000024b5ec15940 Exception <a 'sun/nio/fs/WindowsException'{0x00000000dd6d48b8}> (0x00000000dd6d48b8) 
thrown [s\src\hotspot\share\prims\jni.cpp, line 517]
Event: 26495.667 Thread 0x0000024b5ec15940 Exception <a 'sun/nio/fs/WindowsException'{0x00000000dd6d8580}> (0x00000000dd6d8580) 
thrown [s\src\hotspot\share\prims\jni.cpp, line 517]
Event: 26495.667 Thread 0x0000024b5ec15940 Exception <a 'sun/nio/fs/WindowsException'{0x00000000dd6d8e70}> (0x00000000dd6d8e70) 
thrown [s\src\hotspot\share\prims\jni.cpp, line 517]
Event: 26495.667 Thread 0x0000024b5ec15940 Exception <a 'sun/nio/fs/WindowsException'{0x00000000dd6d9350}> (0x00000000dd6d9350) 
thrown [s\src\hotspot\share\prims\jni.cpp, line 517]
Event: 26495.669 Thread 0x0000024b5ec15940 Exception <a 'sun/nio/fs/WindowsException'{0x00000000dd6dcc10}> (0x00000000dd6dcc10) 
thrown [s\src\hotspot\share\prims\jni.cpp, line 517]
Event: 26495.669 Thread 0x0000024b5ec15940 Exception <a 'sun/nio/fs/WindowsException'{0x00000000dd6dd508}> (0x00000000dd6dd508) 
thrown [s\src\hotspot\share\prims\jni.cpp, line 517]
Event: 26495.669 Thread 0x0000024b5ec15940 Exception <a 'sun/nio/fs/WindowsException'{0x00000000dd6dda08}> (0x00000000dd6dda08) 
thrown [s\src\hotspot\share\prims\jni.cpp, line 517]
Event: 26495.670 Thread 0x0000024b5ec15940 Exception <a 'sun/nio/fs/WindowsException'{0x00000000dd6e2f18}> (0x00000000dd6e2f18) 
thrown [s\src\hotspot\share\prims\jni.cpp, line 517]
Event: 26495.670 Thread 0x0000024b5ec15940 Exception <a 'sun/nio/fs/WindowsException'{0x00000000dd6e3810}> (0x00000000dd6e3810) 
thrown [s\src\hotspot\share\prims\jni.cpp, line 517]
Event: 26495.670 Thread 0x0000024b5ec15940 Exception <a 'sun/nio/fs/WindowsException'{0x00000000dd6e3d10}> (0x00000000dd6e3d10) 
thrown [s\src\hotspot\share\prims\jni.cpp, line 517]
Event: 26495.839 Thread 0x0000024b5a98b430 Exception <a 'java/lang/NoSuchMethodError'{0x00000000d8874800}: static Ljava/lang/Object;.<clinit>()V> (0x00000000d8874800) 
thrown [s\src\hotspot\share\prims\jni.cpp, line 1108]

VM Operations (20 events):
Event: 25800.273 Executing VM operation: Cleanup
Event: 25800.273 Executing VM operation: Cleanup done
Event: 26480.527 Executing VM operation: Cleanup
Event: 26480.527 Executing VM operation: Cleanup done
Event: 26480.599 Executing VM operation: G1CollectForAllocation
Event: 26480.632 Executing VM operation: G1CollectForAllocation done
Event: 26480.825 Executing VM operation: G1CollectForAllocation
Event: 26480.857 Executing VM operation: G1CollectForAllocation done
Event: 26481.002 Executing VM operation: G1TryInitiateConcMark
Event: 26481.015 Executing VM operation: G1TryInitiateConcMark done
Event: 26481.272 Executing VM operation: G1Concurrent
Event: 26481.512 Executing VM operation: G1Concurrent done
Event: 26481.637 Executing VM operation: G1Concurrent
Event: 26481.638 Executing VM operation: G1Concurrent done
Event: 26493.642 Executing VM operation: Cleanup
Event: 26493.642 Executing VM operation: Cleanup done
Event: 26494.642 Executing VM operation: Cleanup
Event: 26494.643 Executing VM operation: Cleanup done
Event: 26495.643 Executing VM operation: Cleanup
Event: 26495.643 Executing VM operation: Cleanup done

Events (20 events):
Event: 26481.135 Thread 0x0000024b5a98b900 Thread added: 0x0000024b5a98b900
Event: 26481.135 Thread 0x0000024b5a98aa90 Thread added: 0x0000024b5a98aa90
Event: 26481.135 Thread 0x0000024b5a98af60 Thread added: 0x0000024b5a98af60
Event: 26481.135 Thread 0x0000024b5a98b430 Thread added: 0x0000024b5a98b430
Event: 26481.135 Thread 0x0000024b5a98bdd0 Thread added: 0x0000024b5a98bdd0
Event: 26481.135 Thread 0x0000024b5a989280 Thread added: 0x0000024b5a989280
Event: 26481.135 Thread 0x0000024b5a989c20 Thread added: 0x0000024b5a989c20
Event: 26481.137 Thread 0x0000024b5ec12df0 Thread added: 0x0000024b5ec12df0
Event: 26481.656 Thread 0x0000024b5ec15470 Thread added: 0x0000024b5ec15470
Event: 26481.660 Thread 0x0000024b4ee6f7e0 Thread added: 0x0000024b4ee6f7e0
Event: 26481.660 Thread 0x0000024b4ee6c7c0 Thread added: 0x0000024b4ee6c7c0
Event: 26493.936 Thread 0x0000024b5ec15940 Thread added: 0x0000024b5ec15940
Event: 26493.936 Thread 0x0000024b5af98b50 Thread added: 0x0000024b5af98b50
Event: 26495.470 Thread 0x0000024b60d24950 Thread added: 0x0000024b60d24950
Event: 26495.663 Thread 0x0000024b57fc2ed0 Thread added: 0x0000024b57fc2ed0
Event: 26495.663 Thread 0x0000024b57fc4bb0 Thread added: 0x0000024b57fc4bb0
Event: 26495.663 Thread 0x0000024b57fc2530 Thread added: 0x0000024b57fc2530
Event: 26495.664 Thread 0x0000024b57fc4210 Thread added: 0x0000024b57fc4210
Event: 26495.664 Thread 0x0000024b57fc5080 Thread added: 0x0000024b57fc5080
Event: 26495.664 Thread 0x0000024b57fc46e0 Thread added: 0x0000024b57fc46e0


Dynamic libraries:
0x00007ff795700000 - 0x00007ff79570a000 	C:\Program Files\Android\Android Studio1\jbr\bin\java.exe
0x00007ffc9b710000 - 0x00007ffc9b908000 	C:\Windows\SYSTEM32\ntdll.dll
0x00007ffc9a790000 - 0x00007ffc9a84f000 	C:\Windows\System32\KERNEL32.DLL
0x00007ffc992b0000 - 0x00007ffc995a6000 	C:\Windows\System32\KERNELBASE.dll
0x00007ffc99640000 - 0x00007ffc99740000 	C:\Windows\System32\ucrtbase.dll
0x00007ffc92040000 - 0x00007ffc9205b000 	C:\Program Files\Android\Android Studio1\jbr\bin\VCRUNTIME140.dll
0x00007ffc92180000 - 0x00007ffc92197000 	C:\Program Files\Android\Android Studio1\jbr\bin\jli.dll
0x00007ffc9a910000 - 0x00007ffc9aaad000 	C:\Windows\System32\USER32.dll
0x00007ffc99740000 - 0x00007ffc99762000 	C:\Windows\System32\win32u.dll
0x00007ffc8e110000 - 0x00007ffc8e3aa000 	C:\Windows\WinSxS\amd64_microsoft.windows.common-controls_6595b64144ccf1df_6.0.19041.1110_none_60b5254171f9507e\COMCTL32.dll
0x00007ffc9aef0000 - 0x00007ffc9af1c000 	C:\Windows\System32\GDI32.dll
0x00007ffc9a6f0000 - 0x00007ffc9a78e000 	C:\Windows\System32\msvcrt.dll
0x00007ffc98e40000 - 0x00007ffc98f55000 	C:\Windows\System32\gdi32full.dll
0x00007ffc98f60000 - 0x00007ffc98ffd000 	C:\Windows\System32\msvcp_win.dll
0x00007ffc9ad20000 - 0x00007ffc9ad50000 	C:\Windows\System32\IMM32.DLL
0x00007ffc927d0000 - 0x00007ffc927dc000 	C:\Program Files\Android\Android Studio1\jbr\bin\vcruntime140_1.dll
0x00007ffc91590000 - 0x00007ffc9161d000 	C:\Program Files\Android\Android Studio1\jbr\bin\msvcp140.dll
0x00007ffc4b0b0000 - 0x00007ffc4bd1d000 	C:\Program Files\Android\Android Studio1\jbr\bin\server\jvm.dll
0x00007ffc997f0000 - 0x00007ffc9989f000 	C:\Windows\System32\ADVAPI32.dll
0x00007ffc9aad0000 - 0x00007ffc9ab6c000 	C:\Windows\System32\sechost.dll
0x00007ffc9af20000 - 0x00007ffc9b046000 	C:\Windows\System32\RPCRT4.dll
0x00007ffc88bf0000 - 0x00007ffc88c17000 	C:\Windows\SYSTEM32\WINMM.dll
0x00007ffc927e0000 - 0x00007ffc927e9000 	C:\Windows\SYSTEM32\WSOCK32.dll
0x00007ffc93eb0000 - 0x00007ffc93eba000 	C:\Windows\SYSTEM32\VERSION.dll
0x00007ffc9abd0000 - 0x00007ffc9ac3b000 	C:\Windows\System32\WS2_32.dll
0x00007ffc96cb0000 - 0x00007ffc96cc2000 	C:\Windows\SYSTEM32\kernel.appcore.dll
0x00007ffc92160000 - 0x00007ffc9216a000 	C:\Program Files\Android\Android Studio1\jbr\bin\jimage.dll
0x00007ffc85980000 - 0x00007ffc85b64000 	C:\Windows\SYSTEM32\DBGHELP.DLL
0x00007ffc858e0000 - 0x00007ffc85914000 	C:\Windows\SYSTEM32\dbgcore.DLL
0x00007ffc995b0000 - 0x00007ffc99632000 	C:\Windows\System32\bcryptPrimitives.dll
0x00007ffc87470000 - 0x00007ffc87495000 	C:\Program Files\Android\Android Studio1\jbr\bin\java.dll
0x00007ffc90a80000 - 0x00007ffc90a98000 	C:\Program Files\Android\Android Studio1\jbr\bin\zip.dll
0x00007ffc99dc0000 - 0x00007ffc9a504000 	C:\Windows\System32\SHELL32.dll
0x00007ffc96eb0000 - 0x00007ffc97643000 	C:\Windows\SYSTEM32\windows.storage.dll
0x00007ffc9b370000 - 0x00007ffc9b6c4000 	C:\Windows\System32\combase.dll
0x00007ffc98830000 - 0x00007ffc9885e000 	C:\Windows\SYSTEM32\Wldp.dll
0x00007ffc99d10000 - 0x00007ffc99dbd000 	C:\Windows\System32\SHCORE.dll
0x00007ffc9a850000 - 0x00007ffc9a8a5000 	C:\Windows\System32\shlwapi.dll
0x00007ffc98d20000 - 0x00007ffc98d45000 	C:\Windows\SYSTEM32\profapi.dll
0x00007ffc87450000 - 0x00007ffc87469000 	C:\Program Files\Android\Android Studio1\jbr\bin\net.dll
0x00007ffc93220000 - 0x00007ffc9332a000 	C:\Windows\SYSTEM32\WINHTTP.dll
0x00007ffc98590000 - 0x00007ffc985fa000 	C:\Windows\system32\mswsock.dll
0x00007ffc82f80000 - 0x00007ffc82f96000 	C:\Program Files\Android\Android Studio1\jbr\bin\nio.dll
0x00007ffc90ae0000 - 0x00007ffc90af0000 	C:\Program Files\Android\Android Studio1\jbr\bin\verify.dll
0x00007ffc92010000 - 0x00007ffc92037000 	C:\Users\Admin\.gradle\native\e1d6ef7f7dcc3fd88c89a11ec53ec762bb8ba0a96d01ffa2cd45eb1d1d8dd5c5\windows-amd64\native-platform.dll
0x00007ffc8e780000 - 0x00007ffc8e8c4000 	C:\Users\Admin\.gradle\native\0d407fdbe67a94daf76414ababcb853783967236a71b16ec16e742cd7a986fd3\windows-amd64\native-platform-file-events.dll
0x00007ffc90b00000 - 0x00007ffc90b09000 	C:\Program Files\Android\Android Studio1\jbr\bin\management.dll
0x00007ffc90af0000 - 0x00007ffc90afb000 	C:\Program Files\Android\Android Studio1\jbr\bin\management_ext.dll
0x00007ffc9aac0000 - 0x00007ffc9aac8000 	C:\Windows\System32\PSAPI.DLL
0x00007ffc98790000 - 0x00007ffc987a8000 	C:\Windows\SYSTEM32\CRYPTSP.dll
0x00007ffc97e30000 - 0x00007ffc97e64000 	C:\Windows\system32\rsaenh.dll
0x00007ffc99000000 - 0x00007ffc99027000 	C:\Windows\System32\bcrypt.dll
0x00007ffc98ca0000 - 0x00007ffc98cce000 	C:\Windows\SYSTEM32\USERENV.dll
0x00007ffc98780000 - 0x00007ffc9878c000 	C:\Windows\SYSTEM32\CRYPTBASE.dll
0x00007ffc98230000 - 0x00007ffc9826b000 	C:\Windows\SYSTEM32\IPHLPAPI.DLL
0x00007ffc9aab0000 - 0x00007ffc9aab8000 	C:\Windows\System32\NSI.dll
0x00007ffc93f60000 - 0x00007ffc93f77000 	C:\Windows\SYSTEM32\dhcpcsvc6.DLL
0x00007ffc93f40000 - 0x00007ffc93f5d000 	C:\Windows\SYSTEM32\dhcpcsvc.DLL
0x00007ffc98280000 - 0x00007ffc9834a000 	C:\Windows\SYSTEM32\DNSAPI.dll
0x00007ffc91430000 - 0x00007ffc91437000 	C:\Windows\system32\wshunix.dll
0x00007ffc97f70000 - 0x00007ffc97fa3000 	C:\Windows\SYSTEM32\ntmarta.dll
0x00007ffc8e690000 - 0x00007ffc8e6ae000 	C:\Users\Admin\AppData\Local\Temp\native-platform8791571829505642929dir\native-platform.dll
0x00007ffc91bb0000 - 0x00007ffc91bb7000 	C:\Program Files\Android\Android Studio1\jbr\bin\rmi.dll
0x00007ffc92bb0000 - 0x00007ffc92bba000 	C:\Windows\System32\rasadhlp.dll
0x00007ffc92ac0000 - 0x00007ffc92b42000 	C:\Windows\System32\fwpuclnt.dll
0x00007ffc92250000 - 0x00007ffc9226e000 	C:\Users\Admin\AppData\Local\Temp\native-platform16296831041787606544dir\native-platform.dll

dbghelp: loaded successfully - version: 4.0.5 - missing functions: none
symbol engine: initialized successfully - sym options: 0x614 - pdb path: .;C:\Program Files\Android\Android Studio1\jbr\bin;C:\Windows\SYSTEM32;C:\Windows\WinSxS\amd64_microsoft.windows.common-controls_6595b64144ccf1df_6.0.19041.1110_none_60b5254171f9507e;C:\Program Files\Android\Android Studio1\jbr\bin\server;C:\Users\Admin\.gradle\native\e1d6ef7f7dcc3fd88c89a11ec53ec762bb8ba0a96d01ffa2cd45eb1d1d8dd5c5\windows-amd64;C:\Users\Admin\.gradle\native\0d407fdbe67a94daf76414ababcb853783967236a71b16ec16e742cd7a986fd3\windows-amd64;C:\Users\Admin\AppData\Local\Temp\native-platform8791571829505642929dir;C:\Users\Admin\AppData\Local\Temp\native-platform16296831041787606544dir

VM Arguments:
jvm_args: --add-opens=java.base/java.util=ALL-UNNAMED --add-opens=java.base/java.lang=ALL-UNNAMED --add-opens=java.base/java.lang.invoke=ALL-UNNAMED --add-opens=java.base/java.util=ALL-UNNAMED --add-opens=java.prefs/java.util.prefs=ALL-UNNAMED --add-opens=java.prefs/java.util.prefs=ALL-UNNAMED --add-opens=java.base/java.nio.charset=ALL-UNNAMED --add-opens=java.base/java.net=ALL-UNNAMED --add-opens=java.base/java.util.concurrent.atomic=ALL-UNNAMED -Xmx1536M -Dfile.encoding=windows-1252 -Duser.country=US -Duser.language=en -Duser.variant 
java_command: org.gradle.launcher.daemon.bootstrap.GradleDaemon 7.5
java_class_path (initial): C:\Users\Admin\.gradle\wrapper\dists\gradle-7.5-all\6qsw290k5lz422uaf8jf6m7co\gradle-7.5\lib\gradle-launcher-7.5.jar
Launcher Type: SUN_STANDARD

[Global flags]
     intx CICompilerCount                          = 4                                         {product} {ergonomic}
     uint ConcGCThreads                            = 2                                         {product} {ergonomic}
     uint G1ConcRefinementThreads                  = 8                                         {product} {ergonomic}
   size_t G1HeapRegionSize                         = 1048576                                   {product} {ergonomic}
    uintx GCDrainStackTargetSize                   = 64                                        {product} {ergonomic}
   size_t InitialHeapSize                          = 268435456                                 {product} {ergonomic}
   size_t MarkStackSize                            = 4194304                                   {product} {ergonomic}
   size_t MaxHeapSize                              = 1610612736                                {product} {command line}
   size_t MaxNewSize                               = 965738496                                 {product} {ergonomic}
   size_t MinHeapDeltaBytes                        = 1048576                                   {product} {ergonomic}
   size_t MinHeapSize                              = 8388608                                   {product} {ergonomic}
    uintx NonNMethodCodeHeapSize                   = 5839372                                {pd product} {ergonomic}
    uintx NonProfiledCodeHeapSize                  = 122909434                              {pd product} {ergonomic}
    uintx ProfiledCodeHeapSize                     = 122909434                              {pd product} {ergonomic}
    uintx ReservedCodeCacheSize                    = 251658240                              {pd product} {ergonomic}
     bool SegmentedCodeCache                       = true                                      {product} {ergonomic}
   size_t SoftMaxHeapSize                          = 1610612736                             {manageable} {ergonomic}
     bool UseCompressedClassPointers               = true                           {product lp64_product} {ergonomic}
     bool UseCompressedOops                        = true                           {product lp64_product} {ergonomic}
     bool UseG1GC                                  = true                                      {product} {ergonomic}
     bool UseLargePagesIndividualAllocation        = false                                  {pd product} {ergonomic}

Logging:
Log output configuration:
 #0: stdout all=warning uptime,level,tags
 #1: stderr all=off uptime,level,tags

Environment Variables:
JAVA_HOME=C:\Program Files\Android\Android Studio1\jbr
CLASSPATH=D:\flutter_workspace\flutter_project\evadminnew\android\\gradle\wrapper\gradle-wrapper.jar
PATH=C:\Program Files\Android\Android Studio1\jbr\bin;C:\Windows\system32;C:\Windows;C:\Windows\System32\Wbem;C:\Windows\System32\WindowsPowerShell\v1.0\;C:\Windows\System32\OpenSSH\;D:\flutter SDK\flutter\bin;C:\Users\Admin\AppData\Local\Microsoft\WindowsApps;D:\flutter_new_1_sep\bin;;D:\flutter\bin\mingit\cmd
USERNAME=Admin
OS=Windows_NT
PROCESSOR_IDENTIFIER=Intel64 Family 6 Model 42 Stepping 7, GenuineIntel
TMP=C:\Users\Admin\AppData\Local\Temp
TEMP=C:\Users\Admin\AppData\Local\Temp



---------------  S Y S T E M  ---------------

OS:
 Windows 10 , 64 bit Build 19041 (10.0.19041.3155)
OS uptime: 5 days 2:36 hours

CPU: total 8 (initial active 8) (4 cores per cpu, 2 threads per core) family 6 model 42 stepping 7 microcode 0x2f, cx8, cmov, fxsr, ht, mmx, sse, sse2, sse3, ssse3, sse4.1, sse4.2, popcnt, tsc, tscinvbit, avx, aes, clmul, vzeroupper, clflush

Memory: 4k page, system-wide physical 16342M (2621M free)
TotalPageFile size 33351M (AvailPageFile size 712M)
current process WorkingSet (physical memory assigned to process): 1488M, peak: 2161M
current process commit charge ("private bytes"): 2080M, peak: 2364M

vm_info: OpenJDK 64-Bit Server VM (17.0.6+0-b2043.56-9586694) for windows-amd64 JRE (17.0.6+0-b2043.56-9586694), built on Feb  9 2023 20:06:20 by "androidbuild" with MS VC++ 16.10 / 16.11 (VS2019)

END.
